<?xml version="1.0" encoding="UTF-8"?>
<rss version="2.0" xmlns:ror="http://rorweb.com/0.1/" >
<channel>
  <title>ROR Sitemap for https://nivesguru.in/</title>
  <link>https://nivesguru.in/</link>

<item>
     <link>https://nivesguru.in/</link>
     <title>Investment Calculator - Plan Financial Future | NivesGuru</title>
     <description>NivesGuru, free tools / calculators for Indian investors. Plan your financial future for SB, FD, RD, KVP, NPS, PPF, NPS, APY, PMJJBY, PMSBY, SSY etc.</description>
     <ror:updatePeriod></ror:updatePeriod>
     <ror:sortOrder>0</ror:sortOrder>
     <ror:resourceOf>sitemap</ror:resourceOf>
</item>
<item>
     <link>https://nivesguru.in/fd-calculator</link>
     <title>Calculate Your Earnings with Our Fixed Deposit Investment Calculator</title>
     <description>A fixed deposit (FD) is a type of investment product offered by banks and other financial institutions. It allows individuals to invest a lump sum of money for a fixed period of time, earning a predetermined interest rate on their investment.</description>
     <ror:updatePeriod></ror:updatePeriod>
     <ror:sortOrder>1</ror:sortOrder>
     <ror:resourceOf>sitemap</ror:resourceOf>
</item>
<item>
     <link>https://nivesguru.in/sb-calculator</link>
     <title>Savings Deposit Investment Calculator: Estimate Your Interest</title>
     <description>A savings account is one of the most popular and secure investment options available for individuals. It is a type of deposit account that allows individuals to save their money while earning a small amount of interest on their deposits. </description>
     <ror:updatePeriod></ror:updatePeriod>
     <ror:sortOrder>1</ror:sortOrder>
     <ror:resourceOf>sitemap</ror:resourceOf>
</item>
<item>
     <link>https://nivesguru.in/rd-calculator</link>
     <title>Recurring Deposit Investment Calculator: Plan Your Savings </title>
     <description>A recurring deposit (RD) is a type of investment product offered by banks and other financial institutions. It allows individuals to save a fixed amount of money each month for a set period of time,</description>
     <ror:updatePeriod></ror:updatePeriod>
     <ror:sortOrder>1</ror:sortOrder>
     <ror:resourceOf>sitemap</ror:resourceOf>
</item>
<item>
     <link>https://nivesguru.in/ssy-calculator</link>
     <title>Sukanya Samriddhi Yojana Calculator: plan Daughter's Future Savings</title>
     <description>Sukanya Samriddhi Yojana (SSY) is a government-backed savings scheme designed to encourage parents to save for the future of their daughters. The scheme was launched by the Government of India in 2015 as part of the Beti Bachao, Beti Padhao campaign.</description>
     <ror:updatePeriod></ror:updatePeriod>
     <ror:sortOrder>1</ror:sortOrder>
     <ror:resourceOf>sitemap</ror:resourceOf>
</item>
<item>
     <link>https://nivesguru.in/ppf-calculator</link>
     <title>Public Provident Fund Calculator: Plan Your Retirement Your Savings</title>
     <description>Public Provident Fund (PPF) is a long-term investment option offered by the Indian government. It is a safe investment option that offers attractive interest rates and tax benefits.</description>
     <ror:updatePeriod></ror:updatePeriod>
     <ror:sortOrder>1</ror:sortOrder>
     <ror:resourceOf>sitemap</ror:resourceOf>
</item>
<item>
     <link>https://nivesguru.in/nps-calculator</link>
     <title>National Pension Scheme Calculator: plan Your Retirement and Savings</title>
     <description>The National Pension Scheme (NPS) is a government-backed retirement savings scheme in India. It is a voluntary scheme that allows individuals to save for their retirement and receive a regular income after they retire.</description>
     <ror:updatePeriod></ror:updatePeriod>
     <ror:sortOrder>1</ror:sortOrder>
     <ror:resourceOf>sitemap</ror:resourceOf>
</item>
<item>
     <link>https://nivesguru.in/apy-calculator</link>
     <title>Atal Pension Yojana Calculator: Plan Your Retirement Savings, Returns</title>
     <description>Atal Pension Yojana (APY) is a government-backed pension scheme aimed at providing a guaranteed minimum pension to the unorganized sector workers</description>
     <ror:updatePeriod></ror:updatePeriod>
     <ror:sortOrder>1</ror:sortOrder>
     <ror:resourceOf>sitemap</ror:resourceOf>
</item>
<item>
     <link>https://nivesguru.in/pmjjby-calculator</link>
     <title>Pradhan Mantri Jeevan Jyoti Bima Yojana Calculator: Insurance, Coverage</title>
     <description>Pradhan Mantri Jeevan Jyoti Bima Yojana (PMJJBY) is a government-backed life insurance scheme that provides life insurance coverage to individuals at an affordable premium.</description>
     <ror:updatePeriod></ror:updatePeriod>
     <ror:sortOrder>1</ror:sortOrder>
     <ror:resourceOf>sitemap</ror:resourceOf>
</item>
<item>
     <link>https://nivesguru.in/pmsby-calculator</link>
     <title>Pradhan Mantri Jeevan Suraksha Yojana Calculator: Plan Your Pension </title>
     <description>Pradhan Mantri Jeevan Suraksha Yojana (PMJSY) is a government-backed life insurance scheme that provides financial protection to the family of the policyholder in the event of their untimely death.</description>
     <ror:updatePeriod></ror:updatePeriod>
     <ror:sortOrder>1</ror:sortOrder>
     <ror:resourceOf>sitemap</ror:resourceOf>
</item>
<item>
     <link>https://nivesguru.in/kvp-calculator</link>
     <title>Kisan Vikas Patra Investment Calculator: Estimate Your Growth and Returns</title>
     <description>Kisan Vikas Patra (KVP) is a government-backed savings scheme that aims to encourage long-term savings among farmers and other individuals in rural areas.</description>
     <ror:updatePeriod></ror:updatePeriod>
     <ror:sortOrder>1</ror:sortOrder>
     <ror:resourceOf>sitemap</ror:resourceOf>
</item>
<item>
     <link>https://nivesguru.in/nsc-calculator</link>
     <title>National Savings Certificate Calculator: Plan Your Savings, Earnings</title>
     <description>The National Savings Certificate (NSC) is a government-backed savings scheme that offers guaranteed returns on investment</description>
     <ror:updatePeriod></ror:updatePeriod>
     <ror:sortOrder>1</ror:sortOrder>
     <ror:resourceOf>sitemap</ror:resourceOf>
</item>
<item>
     <link>https://nivesguru.in/sgb-calculator</link>
     <title>Sovereign Gold Bond Calculator: Estimate Your Gold Investment Growth </title>
     <description>The Sovereign Gold Bond (SGB) is a government-backed scheme that offers investors the opportunity to invest in gold without having to worry </description>
     <ror:updatePeriod></ror:updatePeriod>
     <ror:sortOrder>1</ror:sortOrder>
     <ror:resourceOf>sitemap</ror:resourceOf>
</item>
<item>
     <link>https://nivesguru.in/about-us</link>
     <title></title>
     
     <ror:updatePeriod></ror:updatePeriod>
     <ror:sortOrder>1</ror:sortOrder>
     <ror:resourceOf>sitemap</ror:resourceOf>
</item>
<item>
     <link>https://nivesguru.in/contact-us</link>
     <title>Investment Calculator - Plan Financial Future | NivesGuru</title>
     <description>NivesGuru, free tools / calculators for Indian investors. Plan your financial future for SB, FD, RD, KVP, NPS, PPF, NPS, APY, PMJJBY, PMSBY, SSY etc.</description>
     <ror:updatePeriod></ror:updatePeriod>
     <ror:sortOrder>1</ror:sortOrder>
     <ror:resourceOf>sitemap</ror:resourceOf>
</item>
<item>
     <link>https://nivesguru.in/privacy-policy</link>
     <title></title>
     
     <ror:updatePeriod></ror:updatePeriod>
     <ror:sortOrder>1</ror:sortOrder>
     <ror:resourceOf>sitemap</ror:resourceOf>
</item>
</channel>
</rss>
  