<?xml version="1.0" encoding="UTF-8"?>
<rss version="2.0" xmlns:ror="http://rorweb.com/0.1/" >
<channel>
  <title>ROR Sitemap for https://nivesguru.in/</title>
  <link>https://nivesguru.in/</link>

<item>
     <link>https://nivesguru.in/</link>
     <title>Nivesguru: Free Calculator Investment make easy for India</title>
     <description>Nivesguru is a online calculation tool for investments absolutely free of cost. A initiative for Indian to motivate on investments for their finance related</description>
     <ror:updatePeriod></ror:updatePeriod>
     <ror:sortOrder>0</ror:sortOrder>
     <ror:resourceOf>sitemap</ror:resourceOf>
</item>
<item>
     <link>https://nivesguru.in/senior-citizens-savings-scheme-scss-calculator</link>
     <title>SCSS Calculator Senior Citizens Savings Scheme Interest rate</title>
     <description>Explore the Senior Citizens Savings Scheme (SCSS) and post office SCSS scheme to make the most of your retirement years. Learn about interest rates, calculator</description>
     <ror:updatePeriod></ror:updatePeriod>
     <ror:sortOrder>1</ror:sortOrder>
     <ror:resourceOf>sitemap</ror:resourceOf>
</item>
<item>
     <link>https://nivesguru.in/post-office-monthly-income-scheme-mis-calculator</link>
     <title>Post Office Monthly Income Scheme / MIS Calculator NivesGuru</title>
     <description>When it comes to investing your hard-earned money, finding a secure and reliable option is crucial. The Post Office Monthly Income Scheme (MIS) investment </description>
     <ror:updatePeriod></ror:updatePeriod>
     <ror:sortOrder>1</ror:sortOrder>
     <ror:resourceOf>sitemap</ror:resourceOf>
</item>
<item>
     <link>https://nivesguru.in/mahila-samman-savings-certificate-mssc-calculator</link>
     <title>Mahila Samman Savings Certificate / MSSC Calculator online</title>
     <description>Post Office Mahila Samman Savings Certificate (MSSC) investment for women. Also known as Mahila Samman Bachat Patra Yojana, returns 7.5% interest on upto 2 lakh</description>
     <ror:updatePeriod></ror:updatePeriod>
     <ror:sortOrder>1</ror:sortOrder>
     <ror:resourceOf>sitemap</ror:resourceOf>
</item>
<item>
     <link>https://nivesguru.in/post-office-time-deposit-td-calculator</link>
     <title>Investment Scheme Post Office Time Deposit / TD Calculator</title>
     <description>Investing your hard-earned money in secure and profitable scheme is essential for securing your financial future. One such investment option is the Post Office</description>
     <ror:updatePeriod></ror:updatePeriod>
     <ror:sortOrder>1</ror:sortOrder>
     <ror:resourceOf>sitemap</ror:resourceOf>
</item>
<item>
     <link>https://nivesguru.in/sgb-calculator</link>
     <title>Sovereign Gold Bond / SGB Calculator : Investment &amp; Returns</title>
     <description>Sovereign Gold Bond (SGB) scheme Series IV issue date 12th - 16th February, 2024. Get discount on digital purchase. 2.5% Interest paid on half-yealy basis.</description>
     <ror:updatePeriod></ror:updatePeriod>
     <ror:sortOrder>1</ror:sortOrder>
     <ror:resourceOf>sitemap</ror:resourceOf>
</item>
<item>
     <link>https://nivesguru.in/kvp-calculator</link>
     <title>KVP Calculator - Kisan Vikas Patra free web app by Nivesguru</title>
     <description>KVP Calculator for Kisan Vikas Patra a bond backed by Government, interest rate 7.5% compounded annually, investment return get double on maturity in 115 months</description>
     <ror:updatePeriod></ror:updatePeriod>
     <ror:sortOrder>1</ror:sortOrder>
     <ror:resourceOf>sitemap</ror:resourceOf>
</item>
<item>
     <link>https://nivesguru.in/national-savings-certificate-nsc-calculator</link>
     <title>National Savings Certificate / NSC Calculator by Nivesguru</title>
     <description>The National Savings Certificate (NSC) is a government-backed savings scheme that offers guaranteed returns on investment. It is a popular investment option</description>
     <ror:updatePeriod></ror:updatePeriod>
     <ror:sortOrder>1</ror:sortOrder>
     <ror:resourceOf>sitemap</ror:resourceOf>
</item>
<item>
     <link>https://nivesguru.in/sukanya-samriddhi-yojana-ssy-calculator</link>
     <title>Free Sukanya Samriddhi Yojana / SSY Calculator by Nivesguru</title>
     <description>Sukanya Samriddhi Yojana (SSY) is a government-backed savings scheme designed to encourage parents to save for the future of their daughters. The scheme was</description>
     <ror:updatePeriod></ror:updatePeriod>
     <ror:sortOrder>1</ror:sortOrder>
     <ror:resourceOf>sitemap</ror:resourceOf>
</item>
<item>
     <link>https://nivesguru.in/apy-calculator</link>
     <title>APY Calculator online for Atal Pension Yojana by Nivesguru</title>
     <description>APY Calculator for Atal Pension Yojana, pension from ₹1,000 to ₹5,000 monthly by Govt. Age should be between 18-40, minimum contribution ₹42/month upto 60 years</description>
     <ror:updatePeriod></ror:updatePeriod>
     <ror:sortOrder>1</ror:sortOrder>
     <ror:resourceOf>sitemap</ror:resourceOf>
</item>
<item>
     <link>https://nivesguru.in/national-pension-system-nps-calculator</link>
     <title>Free National Pension System / NPS Calculator by Nivesguru</title>
     <description>The National Pension System (NPS) is a government-backed retirement savings scheme in India. It is a voluntary scheme that allows individuals to save for their</description>
     <ror:updatePeriod></ror:updatePeriod>
     <ror:sortOrder>1</ror:sortOrder>
     <ror:resourceOf>sitemap</ror:resourceOf>
</item>
<item>
     <link>https://nivesguru.in/ppf-calculator</link>
     <title>PPF Calculator : Public Provident Fund a Retirement Scheme</title>
     <description>PPF Calculator : Public Provident Fund interest rate 7.1% in 2023 - 24 by Government of India. A retirement scheme start from ₹500 - ₹150000 / year for Indian</description>
     <ror:updatePeriod></ror:updatePeriod>
     <ror:sortOrder>1</ror:sortOrder>
     <ror:resourceOf>sitemap</ror:resourceOf>
</item>
<item>
     <link>https://nivesguru.in/pradhan-mantri-jeevan-jyoti-bima-yojana-pmjjby-calculator</link>
     <title>Pradhan Mantri Jeevan Jyoti Bima Yojana | PMJJBY Calculator</title>
     <description>Pradhan Mantri Jeevan Jyoti Bima Yojana (PMJJBY) is a government-backed life insurance scheme that provides life insurance coverage with affordable premium.</description>
     <ror:updatePeriod></ror:updatePeriod>
     <ror:sortOrder>1</ror:sortOrder>
     <ror:resourceOf>sitemap</ror:resourceOf>
</item>
<item>
     <link>https://nivesguru.in/pradhan-mantri-suraksha-bima-yojana-pmsby-calculator</link>
     <title>Free Pradhan Mantri Suraksha Bima Yojana / PMSBY Calculator</title>
     <description>Pradhan Mantri Suraksha Bima Yojana (PMSBY) is a government-backed life insurance scheme that provides financial protection to the family of the policyholder in</description>
     <ror:updatePeriod></ror:updatePeriod>
     <ror:sortOrder>1</ror:sortOrder>
     <ror:resourceOf>sitemap</ror:resourceOf>
</item>
<item>
     <link>https://nivesguru.in/emi-calculator-online</link>
     <title>Bike Loan EMI Calculator Online : Making Informed Decisions</title>
     <description>Calculate bike loan EMI online with our user-friendly calculator. Get accurate results and plan your budget effectively. Try our Bike Loan EMI Calculator now</description>
     <ror:updatePeriod></ror:updatePeriod>
     <ror:sortOrder>1</ror:sortOrder>
     <ror:resourceOf>sitemap</ror:resourceOf>
</item>
<item>
     <link>https://nivesguru.in/systematic-investment-plan-sip-return-calculator</link>
     <title>SIP Return Calculator: Power of Systematic Investment Plans</title>
     <description>Explore the benefits of SIP investment with our SIP Return Calculator. Discover how systematic investment plan calculators in India can help you</description>
     <ror:updatePeriod></ror:updatePeriod>
     <ror:sortOrder>1</ror:sortOrder>
     <ror:resourceOf>sitemap</ror:resourceOf>
</item>
<item>
     <link>https://nivesguru.in/swp-calculator-online</link>
     <title>SWP Calculator Online: understand Systematic Withdrawal Plan</title>
     <description>Optimize your financial planning with our SWP calculator online. Accurately project systematic withdrawal plans for smarter investment decisions by Nivesguru</description>
     <ror:updatePeriod></ror:updatePeriod>
     <ror:sortOrder>1</ror:sortOrder>
     <ror:resourceOf>sitemap</ror:resourceOf>
</item>
<item>
     <link>https://nivesguru.in/compound-interest-calculator</link>
     <title>Free online Compound Interest Calculator, formula Nivesguru</title>
     <description>Learn the ins and outs of compound interest calculation, compounding formulas, and how to use a compound interest calculator to maximize your wealth</description>
     <ror:updatePeriod></ror:updatePeriod>
     <ror:sortOrder>1</ror:sortOrder>
     <ror:resourceOf>sitemap</ror:resourceOf>
</item>
<item>
     <link>https://nivesguru.in/simple-interest-calculator</link>
     <title>Simple Interest Calculator in Rupees: for Financial Clarity</title>
     <description>Discover the simplicity of our rupee simple interest calculator. Calculate interest on loans or investments effortlessly. Try our user-friendly tool now</description>
     <ror:updatePeriod></ror:updatePeriod>
     <ror:sortOrder>1</ror:sortOrder>
     <ror:resourceOf>sitemap</ror:resourceOf>
</item>
<item>
     <link>https://nivesguru.in/inflation-calculator-india</link>
     <title>Free online Inflation Calculator India Investment Nivesguru</title>
     <description>Explore the significance of an inflation calculator in India. Learn how to calculate inflation rates, track rupee's value, and understand its impact</description>
     <ror:updatePeriod></ror:updatePeriod>
     <ror:sortOrder>1</ror:sortOrder>
     <ror:resourceOf>sitemap</ror:resourceOf>
</item>
<item>
     <link>https://nivesguru.in/lumpsum-calculator-online</link>
     <title>Lumpsum Calculator Online: Making Financial Planning Breeze</title>
     <description>Optimize your financial planning with our lumpsum calculator online. Accurate, easy-to-use tool for calculating lumpsum investments. Plan your future wisely</description>
     <ror:updatePeriod></ror:updatePeriod>
     <ror:sortOrder>1</ror:sortOrder>
     <ror:resourceOf>sitemap</ror:resourceOf>
</item>
<item>
     <link>https://nivesguru.in/fixed-deposit-fd-calculator</link>
     <title>FD Calculator Fixed Deposit Investment of India by Nivesguru</title>
     <description>A fixed deposit (FD) is a type of investment product offered by banks and other financial institutions. It allows individuals to invest a lump sum of money for</description>
     <ror:updatePeriod></ror:updatePeriod>
     <ror:sortOrder>1</ror:sortOrder>
     <ror:resourceOf>sitemap</ror:resourceOf>
</item>
<item>
     <link>https://nivesguru.in/bob-fd-calculator</link>
     <title>Bank of Baroda Fixed Deposit | BOB FD Calculator for India</title>
     <description>BOB, also known as Bank of Baroda, is one of the largest public sector banks in India, offering a range of fixed deposit schemes to investors. BOB fixed deposit</description>
     <ror:updatePeriod></ror:updatePeriod>
     <ror:sortOrder>1</ror:sortOrder>
     <ror:resourceOf>sitemap</ror:resourceOf>
</item>
<item>
     <link>https://nivesguru.in/pnb-fd-calculator</link>
     <title>Punjab National Bank Free Fixed Deposit | PNB FD Calculator</title>
     <description>PNB, also known as Punjab National Bank, is one of the largest public sector banks in India, offering a range of fixed deposit schemes to investors. PNB fixed</description>
     <ror:updatePeriod></ror:updatePeriod>
     <ror:sortOrder>1</ror:sortOrder>
     <ror:resourceOf>sitemap</ror:resourceOf>
</item>
<item>
     <link>https://nivesguru.in/sbi-fd-calculator</link>
     <title>Free SBI Fixed Deposit / FD Calculator for India | NivesGuru</title>
     <description>SBI, also known as State Bank of India, is one of the largest public sector banks in India, offering a range of fixed deposit schemes to investors. SBI fixed </description>
     <ror:updatePeriod></ror:updatePeriod>
     <ror:sortOrder>1</ror:sortOrder>
     <ror:resourceOf>sitemap</ror:resourceOf>
</item>
<item>
     <link>https://nivesguru.in/ubi-fd-calculator</link>
     <title>Union Bank of India Free Fixed Deposit | UBI FD Calculator</title>
     <description>UBI, also known as Union Bank of India, is one of the largest public sector banks in India, offering a range of fixed deposit schemes to investors. UBI fixed</description>
     <ror:updatePeriod></ror:updatePeriod>
     <ror:sortOrder>1</ror:sortOrder>
     <ror:resourceOf>sitemap</ror:resourceOf>
</item>
<item>
     <link>https://nivesguru.in/rd-calculator</link>
     <title>Free Recurring deposit / RD Calculator for India | Nivesguru</title>
     <description>A recurring deposit (RD) is a type of investment product offered by banks and other financial institutions. It allows individuals to save fixed amount of money</description>
     <ror:updatePeriod></ror:updatePeriod>
     <ror:sortOrder>1</ror:sortOrder>
     <ror:resourceOf>sitemap</ror:resourceOf>
</item>
<item>
     <link>https://nivesguru.in/bob-rd-calculator</link>
     <title>Bank of Baroda Recurring Deposit BOB RD Calculator Nivesguru</title>
     <description>A recurring deposit (RD) is a type of investment product offered by bank and other financial institutions. It allows individuals to save a fixed amount of money</description>
     <ror:updatePeriod></ror:updatePeriod>
     <ror:sortOrder>1</ror:sortOrder>
     <ror:resourceOf>sitemap</ror:resourceOf>
</item>
<item>
     <link>https://nivesguru.in/pnb-rd-calculator</link>
     <title>Punjab National Bank Recurring Deposit | PNB RD Calculator</title>
     <description>A recurring deposit (RD) is a type of investment product offered by banks and other financial institutions. It allows individual to save a fixed amount of money</description>
     <ror:updatePeriod></ror:updatePeriod>
     <ror:sortOrder>1</ror:sortOrder>
     <ror:resourceOf>sitemap</ror:resourceOf>
</item>
<item>
     <link>https://nivesguru.in/sbi-rd-calculator</link>
     <title>State Bank of India Recurring Deposit | SBI RD Calculator</title>
     <description>SBI, also known as State Bank of India, is one of the largest public sector banks in India, offering a range of Recurring deposit schemes to investorss. SBI</description>
     <ror:updatePeriod></ror:updatePeriod>
     <ror:sortOrder>1</ror:sortOrder>
     <ror:resourceOf>sitemap</ror:resourceOf>
</item>
<item>
     <link>https://nivesguru.in/ubi-rd-calculator</link>
     <title>Union Bank of India Recurring Deposit | UBI RD Calculator</title>
     <description>A recurring deposit (RD) is a type of investment product offered by banks and other financial institutions. It allows individual to save a fixed amount of money</description>
     <ror:updatePeriod></ror:updatePeriod>
     <ror:sortOrder>1</ror:sortOrder>
     <ror:resourceOf>sitemap</ror:resourceOf>
</item>
<item>
     <link>https://nivesguru.in/sb-calculator</link>
     <title>Free Savings Account SB Calculator | NivesGuru Investment</title>
     <description>A savings account is one of the most popular and secure investment options available for individuals. It is a type of deposit account that allows individuals</description>
     <ror:updatePeriod></ror:updatePeriod>
     <ror:sortOrder>1</ror:sortOrder>
     <ror:resourceOf>sitemap</ror:resourceOf>
</item>
<item>
     <link>https://nivesguru.in/bob-sb-calculator</link>
     <title>Bank of Baroda Savings deposit | BOB SB Calculator for India</title>
     <description>A savings account is one of the most popular and secure investment options available for individuals. It is a type of deposit account that allows individuals</description>
     <ror:updatePeriod></ror:updatePeriod>
     <ror:sortOrder>1</ror:sortOrder>
     <ror:resourceOf>sitemap</ror:resourceOf>
</item>
<item>
     <link>https://nivesguru.in/pnb-sb-calculator</link>
     <title>Punjab National Bank Savings deposit | PNB SB Calculator</title>
     <description>A savings account is one of the most popular and secure investment options available for individuals. It is a type of deposit account that allows individuals to</description>
     <ror:updatePeriod></ror:updatePeriod>
     <ror:sortOrder>1</ror:sortOrder>
     <ror:resourceOf>sitemap</ror:resourceOf>
</item>
<item>
     <link>https://nivesguru.in/sbi-sb-calculator</link>
     <title>State Bank of India Savings Bank Account | SBI SB Calculator</title>
     <description>A savings account is one of the most popular and secure investment options available for individuals. It is a type of deposit account that allows individuals</description>
     <ror:updatePeriod></ror:updatePeriod>
     <ror:sortOrder>1</ror:sortOrder>
     <ror:resourceOf>sitemap</ror:resourceOf>
</item>
<item>
     <link>https://nivesguru.in/ubi-sb-calculator</link>
     <title>Union Bank of India Savings | UBI SB Calculator for India</title>
     <description>A savings account is one of the most popular and secure investment options available for individuals. It is a type of deposit account that allows individuals to</description>
     <ror:updatePeriod></ror:updatePeriod>
     <ror:sortOrder>1</ror:sortOrder>
     <ror:resourceOf>sitemap</ror:resourceOf>
</item>
<item>
     <link>https://nivesguru.in/about-us</link>
     <title>About Us | Nivesguru | Free Investment Calculator for India</title>
     <description>Indian Government started Digital India initiative and on the 75th Anniversary of Indian Independence, Team Nivesguru celebrating Azadi Ka Amrit Mahotsav</description>
     <ror:updatePeriod></ror:updatePeriod>
     <ror:sortOrder>1</ror:sortOrder>
     <ror:resourceOf>sitemap</ror:resourceOf>
</item>
<item>
     <link>https://nivesguru.in/contact-us</link>
     <title>Contact Us | Investment Calculator - Plan Financial Future</title>
     <description>At Nivesguru, we value our customers and are committed to providing exceptional service. If you have any questions, concerns, or feedback, we would love to hear</description>
     <ror:updatePeriod></ror:updatePeriod>
     <ror:sortOrder>1</ror:sortOrder>
     <ror:resourceOf>sitemap</ror:resourceOf>
</item>
<item>
     <link>https://nivesguru.in/hi/</link>
     <title>निवेश कैलकुलेटर - वित्तीय भविष्य की योजना बनाएं | निवेसगुरु</title>
     <description>निवेसगुरु निवेश के लिए एक ऑनलाइन गणना उपकरण बिल्कुल मुफ्त है। भारतीयों को अपने वित्त संबंधी निवेश के लिए प्रेरित करने की एक पहल</description>
     <ror:updatePeriod></ror:updatePeriod>
     <ror:sortOrder>1</ror:sortOrder>
     <ror:resourceOf>sitemap</ror:resourceOf>
</item>
<item>
     <link>https://nivesguru.in/bn/</link>
     <title>নিভেসগুরু: বিনামূল্যে ক্যালকুলেটর বিনিয়োগ ভারতের জন্য সহজ করে তোলে</title>
     <description>নিভেসগুরু হল সম্পূর্ণ বিনামূল্যে বিনিয়োগের জন্য একটি অনলাইন গণনার টুল। ভারতীয়দের জন্য একটি উদ্যোগ তাদের অর্থ সম্পর্কিত বিনিয়োগের জন্য অনুপ্রাণিত করার জন্য</description>
     <ror:updatePeriod></ror:updatePeriod>
     <ror:sortOrder>1</ror:sortOrder>
     <ror:resourceOf>sitemap</ror:resourceOf>
</item>
<item>
     <link>https://nivesguru.in/boi-fd-calculator</link>
     <title>Bank of India Fixed Deposit | BOI FD Calculator for India</title>
     <description>BOI, also known as Bank of India, is one of the largest public sector banks in India, offering a range of fixed deposit schemes to investors. BOI fixed deposit</description>
     <ror:updatePeriod></ror:updatePeriod>
     <ror:sortOrder>1</ror:sortOrder>
     <ror:resourceOf>sitemap</ror:resourceOf>
</item>
<item>
     <link>https://nivesguru.in/boi-sb-calculator</link>
     <title>Bank of India Savings Account | BOI SB Calculator for India</title>
     <description>A savings account is one of the most popular and secure investment options available for individuals. It is a type of deposit account that allows individuals to</description>
     <ror:updatePeriod></ror:updatePeriod>
     <ror:sortOrder>1</ror:sortOrder>
     <ror:resourceOf>sitemap</ror:resourceOf>
</item>
<item>
     <link>https://nivesguru.in/boi-rd-calculator</link>
     <title>Bank of India Recurring Deposit | BOI RD Calculator of India</title>
     <description>A recurring deposit (RD) is a type of investment product offered by banks and other financial institutions. It allows individual to save a fixed amount of money</description>
     <ror:updatePeriod></ror:updatePeriod>
     <ror:sortOrder>1</ror:sortOrder>
     <ror:resourceOf>sitemap</ror:resourceOf>
</item>
<item>
     <link>https://nivesguru.in/faq-page</link>
     <title>Frequently Asked Questions / FAQ page Nivesguru Calculator</title>
     <description>Welcome to the Nivesguru FAQ page! Here, you'll find answers to some of the most frequently asked questions about our website, including what we do, what type</description>
     <ror:updatePeriod></ror:updatePeriod>
     <ror:sortOrder>1</ror:sortOrder>
     <ror:resourceOf>sitemap</ror:resourceOf>
</item>
<item>
     <link>https://nivesguru.in/privacy-policy</link>
     <title>Privacy Policy for Nivesguru | Free Investment Calculator</title>
     <description>At nivesguru.in, accessible from https://nivesguru.in, one of our main priorities is the privacy of our visitors. This Privacy Policy document contains types of</description>
     <ror:updatePeriod></ror:updatePeriod>
     <ror:sortOrder>1</ror:sortOrder>
     <ror:resourceOf>sitemap</ror:resourceOf>
</item>
<item>
     <link>https://nivesguru.in/terms-and-conditions</link>
     <title>Terms and Conditions Nivesguru</title>
     <description>These terms and conditions outline the rules and regulations for the use of Nivesguru's Website, located at https://nivesguru.in. By accessing this website, we</description>
     <ror:updatePeriod></ror:updatePeriod>
     <ror:sortOrder>1</ror:sortOrder>
     <ror:resourceOf>sitemap</ror:resourceOf>
</item>
<item>
     <link>https://nivesguru.in/sitemap</link>
     <title>nivesguru.in Site Map - Generated by www.xml-sitemaps.com</title>
     <description>nivesguru.in Site Map - Generated by www.xml-sitemaps.com</description>
     <ror:updatePeriod></ror:updatePeriod>
     <ror:sortOrder>1</ror:sortOrder>
     <ror:resourceOf>sitemap</ror:resourceOf>
</item>
<item>
     <link>https://nivesguru.in/hi/senior-citizens-savings-scheme-scss-calculator</link>
     <title>निवेसगुरु द्वारा भारत के लिए वरिष्ठ नागरिक बचत योजना/एससीएसएस कैलकुलेटर</title>
     <description>अपनी सेवानिवृत्ति के वर्षों का अधिकतम लाभ उठाने के लिए वरिष्ठ नागरिक बचत योजना (एससीएसएस) और डाकघर एससीएसएस योजना का अन्वेषण करें। ब्याज दरों, कैलकुलेटर के बारे में जानें</description>
     <ror:updatePeriod></ror:updatePeriod>
     <ror:sortOrder>2</ror:sortOrder>
     <ror:resourceOf>sitemap</ror:resourceOf>
</item>
<item>
     <link>https://nivesguru.in/bn/senior-citizens-savings-scheme-scss-calculator</link>
     <title>SCSS ক্যালকুলেটর সিনিয়র সিটিজেনস সেভিংস স্কিমের সুদের হার</title>
     <description>আপনার অবসরের বছরগুলিকে সবচেয়ে বেশি কাজে লাগাতে সিনিয়র সিটিজেনস সেভিংস স্কিম (SCSS) এবং পোস্ট অফিস SCSS স্কিম অন্বেষণ করুন। সুদের হার, ক্যালকুলেটর সম্পর্কে জানুন</description>
     <ror:updatePeriod></ror:updatePeriod>
     <ror:sortOrder>2</ror:sortOrder>
     <ror:resourceOf>sitemap</ror:resourceOf>
</item>
<item>
     <link>https://nivesguru.in/bn/post-office-monthly-income-scheme-mis-calculator</link>
     <title>পোস্ট অফিস মাসিক আয় স্কিম / এমআইএস ক্যালকুলেটর নিভেসগুরু</title>
     <description>আপনার কষ্টার্জিত অর্থ বিনিয়োগ করার ক্ষেত্রে, একটি নিরাপদ এবং নির্ভরযোগ্য বিকল্প খুঁজে পাওয়া অত্যন্ত গুরুত্বপূর্ণ। পোস্ট অফিস মাসিক আয় স্কিম (MIS) বিনিয়োগ</description>
     <ror:updatePeriod></ror:updatePeriod>
     <ror:sortOrder>2</ror:sortOrder>
     <ror:resourceOf>sitemap</ror:resourceOf>
</item>
<item>
     <link>https://nivesguru.in/hi/mahila-samman-savings-certificate-mssc-calculator</link>
     <title>महिला सम्मान बचत प्रमाणपत्र / एमएसएससी कैलकुलेटर ऑनलाइन</title>
     <description>महिलाओं के लिए डाकघर महिला सम्मान बचत प्रमाणपत्र (एमएसएससी) निवेश। महिला सम्मान बचत पत्र योजना के रूप में भी जाना जाता है, 2 लाख तक की राशि पर 7.5% ब्याज मिलता है</description>
     <ror:updatePeriod></ror:updatePeriod>
     <ror:sortOrder>2</ror:sortOrder>
     <ror:resourceOf>sitemap</ror:resourceOf>
</item>
<item>
     <link>https://nivesguru.in/bn/mahila-samman-savings-certificate-mssc-calculator</link>
     <title>মহিলা সম্মান সঞ্চয় শংসাপত্র / MSSC ক্যালকুলেটর অনলাইন</title>
     <description>পোস্ট অফিস মহিলা সম্মান সেভিংস সার্টিফিকেট (MSSC) মহিলাদের জন্য বিনিয়োগ। মহিলা সম্মান বচত পত্র যোজনা নামেও পরিচিত, 2 লক্ষ পর্যন্ত 7.5% সুদ ফেরত দেয়</description>
     <ror:updatePeriod></ror:updatePeriod>
     <ror:sortOrder>2</ror:sortOrder>
     <ror:resourceOf>sitemap</ror:resourceOf>
</item>
<item>
     <link>https://nivesguru.in/hi/post-office-time-deposit-td-calculator</link>
     <title>निवेश योजना डाकघर सावधि जमा / टीडी कैलकुलेटर</title>
     <description>अपने वित्तीय भविष्य को सुरक्षित करने के लिए अपनी मेहनत की कमाई को सुरक्षित और लाभदायक योजना में निवेश करना आवश्यक है। ऐसा ही एक निवेश विकल्प है पोस्ट ऑफिस</description>
     <ror:updatePeriod></ror:updatePeriod>
     <ror:sortOrder>2</ror:sortOrder>
     <ror:resourceOf>sitemap</ror:resourceOf>
</item>
<item>
     <link>https://nivesguru.in/bn/post-office-time-deposit-td-calculator</link>
     <title>ইনভেস্টমেন্ট স্কিম পোস্ট অফিস টাইম ডিপোজিট/টিডি ক্যালকুলেটর</title>
     <description>আপনার আর্থিক ভবিষ্যত সুরক্ষিত করার জন্য নিরাপদ এবং লাভজনক প্রকল্পে আপনার কষ্টার্জিত অর্থ বিনিয়োগ করা অপরিহার্য। এই ধরনের একটি বিনিয়োগ বিকল্প পোস্ট অফিস</description>
     <ror:updatePeriod></ror:updatePeriod>
     <ror:sortOrder>2</ror:sortOrder>
     <ror:resourceOf>sitemap</ror:resourceOf>
</item>
<item>
     <link>https://nivesguru.in/hi/sgb-calculator</link>
     <title>सॉवरेन गोल्ड बॉन्ड / एसजीबी कैलकुलेटर: निवेश और रिटर्न</title>
     <description>सॉवरेन गोल्ड बॉन्ड (एसजीबी) योजना श्रृंखला IV जारी करने की तारीख 12 - 16 फरवरी, 2024। डिजिटल खरीद पर छूट प्राप्त करें। अर्ध-वार्षिक आधार पर 2.5% ब्याज का भुगतान</description>
     <ror:updatePeriod></ror:updatePeriod>
     <ror:sortOrder>2</ror:sortOrder>
     <ror:resourceOf>sitemap</ror:resourceOf>
</item>
<item>
     <link>https://nivesguru.in/bn/sgb-calculator</link>
     <title>সার্বভৌম গোল্ড বন্ড / SGB ক্যালকুলেটর: বিনিয়োগ এবং রিটার্ন</title>
     <description>সার্বভৌম গোল্ড বন্ড (SGB) স্কিম সিরিজ IV ইস্যু তারিখ 12-16 ফেব্রুয়ারী, 2024। ডিজিটাল কেনাকাটায় ডিসকাউন্ট পান। অর্ধবার্ষিক ভিত্তিতে 2.5% সুদ প্রদান করা হয়</description>
     <ror:updatePeriod></ror:updatePeriod>
     <ror:sortOrder>2</ror:sortOrder>
     <ror:resourceOf>sitemap</ror:resourceOf>
</item>
<item>
     <link>https://nivesguru.in/hi/kvp-calculator</link>
     <title>केवीपी कैलकुलेटर - निवेशगुरु द्वारा किसान विकास पत्र मुफ्त वेब ऐप</title>
     <description>किसान विकास पत्र के लिए केवीपी कैलकुलेटर सरकार द्वारा समर्थित एक बांड, ब्याज दर 7.5% सालाना चक्रवृद्धि, 115 महीनों में परिपक्वता पर निवेश रिटर्न दोगुना हो जाता है</description>
     <ror:updatePeriod></ror:updatePeriod>
     <ror:sortOrder>2</ror:sortOrder>
     <ror:resourceOf>sitemap</ror:resourceOf>
</item>
<item>
     <link>https://nivesguru.in/bn/kvp-calculator</link>
     <title>KVP ক্যালকুলেটর - Nivesguru দ্বারা কিষান বিকাশ পত্র বিনামূল্যে ওয়েব অ্যাপ</title>
     <description>কিষাণ বিকাশ পত্রের জন্য KVP ক্যালকুলেটর একটি সরকার দ্বারা সমর্থিত একটি বন্ড, সুদের হার 7.5% বার্ষিক চক্রবৃদ্ধি, 115 মাসে মেয়াদপূর্তিতে বিনিয়োগের রিটার্ন দ্বিগুণ হয়</description>
     <ror:updatePeriod></ror:updatePeriod>
     <ror:sortOrder>2</ror:sortOrder>
     <ror:resourceOf>sitemap</ror:resourceOf>
</item>
<item>
     <link>https://nivesguru.in/hi/national-savings-certificate-nsc-calculator</link>
     <title>निवेसगुरु द्वारा राष्ट्रीय बचत प्रमाणपत्र/एनएससी कैलकुलेटर</title>
     <description>राष्ट्रीय बचत प्रमाणपत्र (एनएससी) एक सरकार समर्थित बचत योजना है जो निवेश पर गारंटीशुदा रिटर्न प्रदान करती है। यह एक लोकप्रिय निवेश विकल्प है</description>
     <ror:updatePeriod></ror:updatePeriod>
     <ror:sortOrder>2</ror:sortOrder>
     <ror:resourceOf>sitemap</ror:resourceOf>
</item>
<item>
     <link>https://nivesguru.in/bn/national-savings-certificate-nsc-calculator</link>
     <title>Nivesguru দ্বারা জাতীয় সঞ্চয় শংসাপত্র / NSC ক্যালকুলেটর</title>
     <description>ন্যাশনাল সেভিংস সার্টিফিকেট (NSC) হল একটি সরকার-সমর্থিত সেভিংস স্কিম যা বিনিয়োগে নিশ্চিত রিটার্ন প্রদান করে। এটি একটি জনপ্রিয় বিনিয়োগ বিকল্প</description>
     <ror:updatePeriod></ror:updatePeriod>
     <ror:sortOrder>2</ror:sortOrder>
     <ror:resourceOf>sitemap</ror:resourceOf>
</item>
<item>
     <link>https://nivesguru.in/hi/sukanya-samriddhi-yojana-ssy-calculator</link>
     <title>निवेसगुरु द्वारा निःशुल्क सुकन्या समृद्धि योजना/एसएसवाई कैलकुलेटर</title>
     <description>सुकन्या समृद्धि योजना (एसएसवाई) एक सरकार समर्थित बचत योजना है जो माता-पिता को अपनी बेटियों के भविष्य के लिए बचत करने के लिए प्रोत्साहित करने के लिए बनाई गई है। योजना थी</description>
     <ror:updatePeriod></ror:updatePeriod>
     <ror:sortOrder>2</ror:sortOrder>
     <ror:resourceOf>sitemap</ror:resourceOf>
</item>
<item>
     <link>https://nivesguru.in/bn/sukanya-samriddhi-yojana-ssy-calculator</link>
     <title>নিভেসগুরুর দ্বারা বিনামূল্যে সুকন্যা সমৃদ্ধি যোজনা / SSY ক্যালকুলেটর</title>
     <description>সুকন্যা সমৃদ্ধি যোজনা (SSY) হল একটি সরকার-সমর্থিত সঞ্চয় প্রকল্প যা পিতামাতাদের তাদের মেয়েদের ভবিষ্যতের জন্য সঞ্চয় করতে উত্সাহিত করার জন্য ডিজাইন করা হয়েছে। স্কিম ছিল</description>
     <ror:updatePeriod></ror:updatePeriod>
     <ror:sortOrder>2</ror:sortOrder>
     <ror:resourceOf>sitemap</ror:resourceOf>
</item>
<item>
     <link>https://nivesguru.in/bn/apy-calculator</link>
     <title>নিভেসগুরুর অটল পেনশন যোজনার জন্য অনলাইনে APY ক্যালকুলেটর</title>
     <description>অটল পেনশন যোজনার জন্য APY ক্যালকুলেটর, সরকার কর্তৃক মাসিক ₹1,000 থেকে ₹5,000 পর্যন্ত পেনশন। বয়স 18-40 এর মধ্যে হতে হবে, ন্যূনতম অবদান ₹42/মাস 60 বছর পর্যন্ত</description>
     <ror:updatePeriod></ror:updatePeriod>
     <ror:sortOrder>2</ror:sortOrder>
     <ror:resourceOf>sitemap</ror:resourceOf>
</item>
<item>
     <link>https://nivesguru.in/hi/national-pension-system-nps-calculator</link>
     <title>निवेशगुरु द्वारा निःशुल्क राष्ट्रीय पेंशन प्रणाली/एनपीएस कैलकुलेटर</title>
     <description>राष्ट्रीय पेंशन प्रणाली (एनपीएस) भारत में सरकार समर्थित सेवानिवृत्ति बचत योजना है। यह एक स्वैच्छिक योजना है जो व्यक्तियों को अपने लिए बचत करने की अनुमति देती है</description>
     <ror:updatePeriod></ror:updatePeriod>
     <ror:sortOrder>2</ror:sortOrder>
     <ror:resourceOf>sitemap</ror:resourceOf>
</item>
<item>
     <link>https://nivesguru.in/bn/national-pension-system-nps-calculator</link>
     <title>নিভেসগুরু দ্বারা বিনামূল্যে জাতীয় পেনশন সিস্টেম / NPS ক্যালকুলেটর</title>
     <description>ন্যাশনাল পেনশন সিস্টেম (NPS) হল ভারতে একটি সরকার-সমর্থিত অবসরকালীন সঞ্চয় প্রকল্প। এটি একটি স্বেচ্ছাসেবী প্রকল্প যা ব্যক্তিদের তাদের জন্য সঞ্চয় করতে দেয়</description>
     <ror:updatePeriod></ror:updatePeriod>
     <ror:sortOrder>2</ror:sortOrder>
     <ror:resourceOf>sitemap</ror:resourceOf>
</item>
<item>
     <link>https://nivesguru.in/hi/ppf-calculator</link>
     <title>पीपीएफ कैलकुलेटर: सार्वजनिक भविष्य निधि एक सेवानिवृत्ति योजना</title>
     <description>पीपीएफ कैलकुलेटर: भारत सरकार द्वारा 2023-24 में सार्वजनिक भविष्य निधि ब्याज दर 7.1%। भारतीयों के लिए सेवानिवृत्ति योजना ₹500 - ₹150000/वर्ष से शुरू होती है</description>
     <ror:updatePeriod></ror:updatePeriod>
     <ror:sortOrder>2</ror:sortOrder>
     <ror:resourceOf>sitemap</ror:resourceOf>
</item>
<item>
     <link>https://nivesguru.in/bn/ppf-calculator</link>
     <title>পিপিএফ ক্যালকুলেটর: পাবলিক প্রভিডেন্ট ফান্ড একটি অবসর পরিকল্পনা</title>
     <description>PPF ক্যালকুলেটর : পাবলিক প্রভিডেন্ট ফান্ড সুদের হার 7.1% 2023 - 24 সালে ভারত সরকার। ভারতীয়দের জন্য ₹500 - ₹150000 / বছর থেকে একটি অবসর পরিকল্পনা শুরু হয়</description>
     <ror:updatePeriod></ror:updatePeriod>
     <ror:sortOrder>2</ror:sortOrder>
     <ror:resourceOf>sitemap</ror:resourceOf>
</item>
<item>
     <link>https://nivesguru.in/hi/pradhan-mantri-jeevan-jyoti-bima-yojana-pmjjby-calculator</link>
     <title>प्रधानमंत्री जीवन ज्योति बीमा योजना | पीएमजेजेबीवाई कैलकुलेटर</title>
     <description>प्रधानमंत्री जीवन ज्योति बीमा योजना (पीएमजेजेबीवाई) एक सरकार समर्थित जीवन बीमा योजना है जो किफायती प्रीमियम के साथ जीवन बीमा कवरेज प्रदान करती है</description>
     <ror:updatePeriod></ror:updatePeriod>
     <ror:sortOrder>2</ror:sortOrder>
     <ror:resourceOf>sitemap</ror:resourceOf>
</item>
<item>
     <link>https://nivesguru.in/bn/pradhan-mantri-jeevan-jyoti-bima-yojana-pmjjby-calculator</link>
     <title>প্রধানমন্ত্রী জীবন জ্যোতি বীমা যোজনা | PMJJBY ক্যালকুলেটর</title>
     <description>প্রধানমন্ত্রী জীবন জ্যোতি বিমা যোজনা (PMJJBY) হল একটি সরকার-সমর্থিত জীবন বীমা প্রকল্প যা সাশ্রয়ী মূল্যের প্রিমিয়াম সহ জীবন বীমা কভারেজ প্রদান করে</description>
     <ror:updatePeriod></ror:updatePeriod>
     <ror:sortOrder>2</ror:sortOrder>
     <ror:resourceOf>sitemap</ror:resourceOf>
</item>
<item>
     <link>https://nivesguru.in/hi/pradhan-mantri-suraksha-bima-yojana-pmsby-calculator</link>
     <title>निःशुल्क प्रधानमंत्री सुरक्षा बीमा योजना/पीएमएसबीवाई कैलकुलेटर</title>
     <description>प्रधानमंत्री सुरक्षा बीमा योजना (पीएमएसबीवाई) एक सरकार समर्थित जीवन बीमा योजना है जो पॉलिसीधारक के परिवार को वित्तीय सुरक्षा प्रदान करती है</description>
     <ror:updatePeriod></ror:updatePeriod>
     <ror:sortOrder>2</ror:sortOrder>
     <ror:resourceOf>sitemap</ror:resourceOf>
</item>
<item>
     <link>https://nivesguru.in/bn/pradhan-mantri-suraksha-bima-yojana-pmsby-calculator</link>
     <title>বিনামূল্যে প্রধানমন্ত্রী নিরাপত্তা বিমা যোজনা / PMSBY ক্যালকুলেটর</title>
     <description>প্রধানমন্ত্রী সুরক্ষা বিমা যোজনা (PMSBY) হল একটি সরকার-সমর্থিত জীবন বীমা প্রকল্প যা পলিসিধারীর পরিবারকে আর্থিক সুরক্ষা প্রদান করে</description>
     <ror:updatePeriod></ror:updatePeriod>
     <ror:sortOrder>2</ror:sortOrder>
     <ror:resourceOf>sitemap</ror:resourceOf>
</item>
<item>
     <link>https://nivesguru.in/hi/systematic-investment-plan-sip-return-calculator</link>
     <title>एसआईपी रिटर्न कैलकुलेटर: व्यवस्थित निवेश योजनाओं की शक्ति का खुलासा</title>
     <description>हमारे एसआईपी रिटर्न कैलकुलेटर के साथ एसआईपी निवेश के लाभों का पता लगाएं। जानें कि भारत में व्यवस्थित निवेश योजना कैलकुलेटर आपकी कैसे मदद कर सकते हैं</description>
     <ror:updatePeriod></ror:updatePeriod>
     <ror:sortOrder>2</ror:sortOrder>
     <ror:resourceOf>sitemap</ror:resourceOf>
</item>
<item>
     <link>https://nivesguru.in/bn/systematic-investment-plan-sip-return-calculator</link>
     <title>এসআইপি রিটার্ন ক্যালকুলেটর: সিস্টেম্যাটিক ইনভেস্টমেন্ট প্ল্যানের শক্তি</title>
     <description>আমাদের এসআইপি রিটার্ন ক্যালকুলেটর দিয়ে এসআইপি বিনিয়োগের সুবিধাগুলি অন্বেষণ করুন। ভারতে কীভাবে পদ্ধতিগত বিনিয়োগ পরিকল্পনা ক্যালকুলেটর আপনাকে সাহায্য করতে পারে তা আবিষ্কার করুন</description>
     <ror:updatePeriod></ror:updatePeriod>
     <ror:sortOrder>2</ror:sortOrder>
     <ror:resourceOf>sitemap</ror:resourceOf>
</item>
<item>
     <link>https://nivesguru.in/hi/swp-calculator-online</link>
     <title>एसडब्ल्यूपी कैलकुलेटर ऑनलाइन: व्यवस्थित निकासी योजना को समझें</title>
     <description>हमारे एसडब्ल्यूपी कैलकुलेटर ऑनलाइन के साथ अपनी वित्तीय योजना को अनुकूलित करें। निवेसगुरु द्वारा बेहतर निवेश निर्णयों के लिए व्यवस्थित निकासी योजनाओं को सटीक रूप से प्रोजेक्ट करें</description>
     <ror:updatePeriod></ror:updatePeriod>
     <ror:sortOrder>2</ror:sortOrder>
     <ror:resourceOf>sitemap</ror:resourceOf>
</item>
<item>
     <link>https://nivesguru.in/bn/swp-calculator-online</link>
     <title>SWP ক্যালকুলেটর অনলাইন: পদ্ধতিগত প্রত্যাহার পরিকল্পনা বুঝুন</title>
     <description>অনলাইনে আমাদের SWP ক্যালকুলেটর দিয়ে আপনার আর্থিক পরিকল্পনা অপ্টিমাইজ করুন। নিভেসগুরুর স্মার্ট বিনিয়োগ সিদ্ধান্তের জন্য সঠিকভাবে পদ্ধতিগত প্রত্যাহার পরিকল্পনা প্রজেক্ট করুন</description>
     <ror:updatePeriod></ror:updatePeriod>
     <ror:sortOrder>2</ror:sortOrder>
     <ror:resourceOf>sitemap</ror:resourceOf>
</item>
<item>
     <link>https://nivesguru.in/hi/compound-interest-calculator</link>
     <title>मुफ़्त ऑनलाइन चक्रवृद्धि ब्याज कैलकुलेटर, सूत्र निवेशगुरु</title>
     <description>अपने धन को अधिकतम करने के लिए चक्रवृद्धि ब्याज गणना, चक्रवृद्धि सूत्रों और चक्रवृद्धि ब्याज कैलकुलेटर का उपयोग करने के तरीके के बारे में जानें</description>
     <ror:updatePeriod></ror:updatePeriod>
     <ror:sortOrder>2</ror:sortOrder>
     <ror:resourceOf>sitemap</ror:resourceOf>
</item>
<item>
     <link>https://nivesguru.in/bn/compound-interest-calculator</link>
     <title>বিনামূল্যে অনলাইন চক্রবৃদ্ধি সুদের ক্যালকুলেটর, সূত্র Nivesguru</title>
     <description>চক্রবৃদ্ধি সুদের গণনা, চক্রবৃদ্ধি সূত্র এবং কীভাবে আপনার সম্পদ সর্বাধিক করতে একটি চক্রবৃদ্ধি সুদের ক্যালকুলেটর ব্যবহার করতে হয় সেগুলি শিখুন</description>
     <ror:updatePeriod></ror:updatePeriod>
     <ror:sortOrder>2</ror:sortOrder>
     <ror:resourceOf>sitemap</ror:resourceOf>
</item>
<item>
     <link>https://nivesguru.in/hi/simple-interest-calculator</link>
     <title>रुपए में साधारण ब्याज कैलकुलेटर: वित्तीय स्पष्टता के लिए</title>
     <description>हमारे रुपया साधारण ब्याज कैलकुलेटर की सरलता का पता लगाएं। ऋण या निवेश पर ब्याज की गणना आसानी से करें। अभी हमारे उपयोगकर्ता-अनुकूल टूल को आज़माएँ</description>
     <ror:updatePeriod></ror:updatePeriod>
     <ror:sortOrder>2</ror:sortOrder>
     <ror:resourceOf>sitemap</ror:resourceOf>
</item>
<item>
     <link>https://nivesguru.in/bn/simple-interest-calculator</link>
     <title>টাকায় সহজ সুদের ক্যালকুলেটর: আর্থিক স্বচ্ছতার জন্য</title>
     <description>আমাদের রুপির সহজ সুদের ক্যালকুলেটরের সরলতা আবিষ্কার করুন। অনায়াসে ঋণ বা বিনিয়োগের সুদ গণনা করুন। এখনই আমাদের ব্যবহারকারী-বান্ধব টুল ব্যবহার করে দেখুন</description>
     <ror:updatePeriod></ror:updatePeriod>
     <ror:sortOrder>2</ror:sortOrder>
     <ror:resourceOf>sitemap</ror:resourceOf>
</item>
<item>
     <link>https://nivesguru.in/hi/inflation-calculator-india</link>
     <title>मुफ़्त ऑनलाइन मुद्रास्फीति कैलकुलेटर भारत निवेश निवेशगुरु</title>
     <description>भारत में मुद्रास्फीति कैलकुलेटर के महत्व का अन्वेषण करें। मुद्रास्फीति दरों की गणना करना, रुपये के मूल्य को ट्रैक करना और इसके प्रभाव को समझना सीखें</description>
     <ror:updatePeriod></ror:updatePeriod>
     <ror:sortOrder>2</ror:sortOrder>
     <ror:resourceOf>sitemap</ror:resourceOf>
</item>
<item>
     <link>https://nivesguru.in/bn/inflation-calculator-india</link>
     <title>বিনামূল্যে অনলাইন মুদ্রাস্ফীতি ক্যালকুলেটর ইন্ডিয়া ইনভেস্টমেন্ট নিভেসগুরু</title>
     <description>ভারতে মুদ্রাস্ফীতি ক্যালকুলেটরের তাৎপর্য অন্বেষণ করুন। কীভাবে মুদ্রাস্ফীতির হার গণনা করতে হয়, রুপির মান ট্র্যাক করতে হয় এবং এর প্রভাব বুঝতে শিখুন</description>
     <ror:updatePeriod></ror:updatePeriod>
     <ror:sortOrder>2</ror:sortOrder>
     <ror:resourceOf>sitemap</ror:resourceOf>
</item>
<item>
     <link>https://nivesguru.in/hi/fixed-deposit-fd-calculator</link>
     <title>निवेशगुरु द्वारा भारत का एफडी कैलकुलेटर फिक्स्ड डिपॉजिट निवेश</title>
     <description>सावधि जमा (एफडी) बैंकों और अन्य वित्तीय संस्थानों द्वारा पेश किया जाने वाला एक प्रकार का निवेश उत्पाद है। यह व्यक्तियों को एकमुश्त धनराशि निवेश करने की अनुमति देता है</description>
     <ror:updatePeriod></ror:updatePeriod>
     <ror:sortOrder>2</ror:sortOrder>
     <ror:resourceOf>sitemap</ror:resourceOf>
</item>
<item>
     <link>https://nivesguru.in/bn/fixed-deposit-fd-calculator</link>
     <title>FD ক্যালকুলেটর নিভেসগুরু দ্বারা ভারতের ফিক্সড ডিপোজিট ইনভেস্টমেন্ট</title>
     <description>একটি ফিক্সড ডিপোজিট (FD) হল এক ধরনের বিনিয়োগ পণ্য যা ব্যাঙ্ক এবং অন্যান্য আর্থিক প্রতিষ্ঠান দ্বারা অফার করা হয়। এটি ব্যক্তিদের জন্য একমুঠো অর্থ বিনিয়োগ করতে দেয়</description>
     <ror:updatePeriod></ror:updatePeriod>
     <ror:sortOrder>2</ror:sortOrder>
     <ror:resourceOf>sitemap</ror:resourceOf>
</item>
<item>
     <link>https://nivesguru.in/hi/bob-fd-calculator</link>
     <title>बैंक ऑफ बड़ौदा फिक्स्ड डिपॉजिट | भारत के लिए बीओबी एफडी कैलकुलेटर</title>
     <description>बीओबी, जिसे बैंक ऑफ बड़ौदा के नाम से भी जाना जाता है, भारत के सबसे बड़े सार्वजनिक क्षेत्र के बैंकों में से एक है, जो निवेशकों को कई प्रकार की सावधि जमा योजनाएं प्रदान करता है। बीओबी सावधि जमा</description>
     <ror:updatePeriod></ror:updatePeriod>
     <ror:sortOrder>2</ror:sortOrder>
     <ror:resourceOf>sitemap</ror:resourceOf>
</item>
<item>
     <link>https://nivesguru.in/bn/bob-fd-calculator</link>
     <title>ব্যাঙ্ক অফ বরোদা ফিক্সড ডিপোজিট | ভারতের জন্য BOB FD ক্যালকুলেটর</title>
     <description>BOB, ব্যাংক অফ বরোদা নামেও পরিচিত, ভারতের সর্ববৃহৎ পাবলিক সেক্টর ব্যাঙ্কগুলির মধ্যে একটি, যেটি বিনিয়োগকারীদের জন্য ফিক্সড ডিপোজিট স্কিমগুলির একটি পরিসীমা অফার করে৷ BOB ফিক্সড ডিপোজিট</description>
     <ror:updatePeriod></ror:updatePeriod>
     <ror:sortOrder>2</ror:sortOrder>
     <ror:resourceOf>sitemap</ror:resourceOf>
</item>
<item>
     <link>https://nivesguru.in/hi/pnb-fd-calculator</link>
     <title>पंजाब नेशनल बैंक फ्री फिक्स्ड डिपॉजिट | पीएनबी एफडी कैलकुलेटर</title>
     <description>पीएनबी, जिसे पंजाब नेशनल बैंक के नाम से भी जाना जाता है, भारत के सबसे बड़े सार्वजनिक क्षेत्र के बैंकों में से एक है, जो निवेशकों को कई प्रकार की सावधि जमा योजनाओं की पेशकश करता है। पीएनबी तय</description>
     <ror:updatePeriod></ror:updatePeriod>
     <ror:sortOrder>2</ror:sortOrder>
     <ror:resourceOf>sitemap</ror:resourceOf>
</item>
<item>
     <link>https://nivesguru.in/bn/pnb-fd-calculator</link>
     <title>পাঞ্জাব ন্যাশনাল ব্যাঙ্ক ফ্রি ফিক্সড ডিপোজিট | পিএনবি এফডি ক্যালকুলেটর</title>
     <description>PNB, পাঞ্জাব ন্যাশনাল ব্যাঙ্ক নামেও পরিচিত, ভারতের সর্ববৃহৎ পাবলিক সেক্টর ব্যাঙ্কগুলির মধ্যে একটি, যা বিনিয়োগকারীদের জন্য নির্দিষ্ট আমানতের স্কিমগুলির একটি পরিসীমা অফার করে৷ PNB স্থির</description>
     <ror:updatePeriod></ror:updatePeriod>
     <ror:sortOrder>2</ror:sortOrder>
     <ror:resourceOf>sitemap</ror:resourceOf>
</item>
<item>
     <link>https://nivesguru.in/hi/sbi-fd-calculator</link>
     <title>निवेसगुरु द्वारा भारत के लिए एसबीआई फिक्स्ड डिपॉजिट / एफडी निवेश कैलकुलेटर</title>
     <description>एसबीआई, जिसे भारतीय स्टेट बैंक के नाम से भी जाना जाता है, भारत के सबसे बड़े सार्वजनिक क्षेत्र के बैंकों में से एक है, जो निवेशकों को कई प्रकार की सावधि जमा योजनाएं प्रदान करता है। एसबीआई ने तय क�</description>
     <ror:updatePeriod></ror:updatePeriod>
     <ror:sortOrder>2</ror:sortOrder>
     <ror:resourceOf>sitemap</ror:resourceOf>
</item>
<item>
     <link>https://nivesguru.in/bn/sbi-fd-calculator</link>
     <title>ভারতের জন্য বিনামূল্যে এসবিআই ফিক্সড ডিপোজিট / এফডি ক্যালকুলেটর | নিভেসগুরু</title>
     <description>SBI, স্টেট ব্যাঙ্ক অফ ইন্ডিয়া নামেও পরিচিত, ভারতের সর্ববৃহৎ পাবলিক সেক্টর ব্যাঙ্কগুলির মধ্যে একটি, যা বিনিয়োগকারীদের জন্য নির্দিষ্ট আমানতের স্কিমগুলির একটি পরিসীমা অফার করে৷ SBI স্থির</description>
     <ror:updatePeriod></ror:updatePeriod>
     <ror:sortOrder>2</ror:sortOrder>
     <ror:resourceOf>sitemap</ror:resourceOf>
</item>
<item>
     <link>https://nivesguru.in/hi/ubi-fd-calculator</link>
     <title>यूनियन बैंक ऑफ इंडिया फ्री फिक्स्ड डिपॉजिट | यूबीआई एफडी कैलकुलेटर</title>
     <description>यूबीआई, जिसे यूनियन बैंक ऑफ इंडिया के नाम से भी जाना जाता है, भारत के सबसे बड़े सार्वजनिक क्षेत्र के बैंकों में से एक है, जो निवेशकों को कई प्रकार की सावधि जमा योजनाएं प्रदान करता है। यूबीआई तय</description>
     <ror:updatePeriod></ror:updatePeriod>
     <ror:sortOrder>2</ror:sortOrder>
     <ror:resourceOf>sitemap</ror:resourceOf>
</item>
<item>
     <link>https://nivesguru.in/bn/ubi-fd-calculator</link>
     <title>ইউনিয়ন ব্যাঙ্ক অফ ইন্ডিয়া ফ্রি ফিক্সড ডিপোজিট | UBI FD ক্যালকুলেটর</title>
     <description>ইউবিআই, যা ইউনিয়ন ব্যাঙ্ক অফ ইন্ডিয়া নামেও পরিচিত, ভারতের সর্ববৃহৎ পাবলিক সেক্টর ব্যাঙ্কগুলির মধ্যে একটি, যা বিনিয়োগকারীদের জন্য নির্দিষ্ট আমানতের স্কিমগুলির একটি পরিসীমা অফার করে৷ ই�</description>
     <ror:updatePeriod></ror:updatePeriod>
     <ror:sortOrder>2</ror:sortOrder>
     <ror:resourceOf>sitemap</ror:resourceOf>
</item>
<item>
     <link>https://nivesguru.in/hi/rd-calculator</link>
     <title>भारत के लिए निःशुल्क आवर्ती जमा/आरडी कैलकुलेटर | निवेसगुरु</title>
     <description>आवर्ती जमा (आरडी) बैंकों और अन्य वित्तीय संस्थानों द्वारा पेश किया जाने वाला एक प्रकार का निवेश उत्पाद है। यह व्यक्तियों को निश्चित धनराशि बचाने की अनुमति देता है</description>
     <ror:updatePeriod></ror:updatePeriod>
     <ror:sortOrder>2</ror:sortOrder>
     <ror:resourceOf>sitemap</ror:resourceOf>
</item>
<item>
     <link>https://nivesguru.in/bn/rd-calculator</link>
     <title>ভারতের জন্য ফ্রি রেকারিং ডিপোজিট / আরডি ক্যালকুলেটর | নিভেসগুরু</title>
     <description>একটি পুনরাবৃত্ত আমানত (RD) হল এক ধরনের বিনিয়োগ পণ্য যা ব্যাঙ্ক এবং অন্যান্য আর্থিক প্রতিষ্ঠান দ্বারা অফার করা হয়। এটি ব্যক্তিদের নির্দিষ্ট পরিমাণ অর্থ সঞ্চয় করতে দেয়</description>
     <ror:updatePeriod></ror:updatePeriod>
     <ror:sortOrder>2</ror:sortOrder>
     <ror:resourceOf>sitemap</ror:resourceOf>
</item>
<item>
     <link>https://nivesguru.in/hi/bob-rd-calculator</link>
     <title>बैंक ऑफ बड़ौदा आवर्ती जमा बीओबी आरडी कैलकुलेटर निवेशगुरु</title>
     <description>आवर्ती जमा (आरडी) बैंक और अन्य वित्तीय संस्थानों द्वारा पेश किया जाने वाला एक प्रकार का निवेश उत्पाद है। यह व्यक्तियों को एक निश्चित राशि बचाने की अनुमति देता है</description>
     <ror:updatePeriod></ror:updatePeriod>
     <ror:sortOrder>2</ror:sortOrder>
     <ror:resourceOf>sitemap</ror:resourceOf>
</item>
<item>
     <link>https://nivesguru.in/bn/bob-rd-calculator</link>
     <title>ব্যাঙ্ক অফ বরোদা রেকারিং ডিপোজিট BOB RD ক্যালকুলেটর নিভেসগুরু</title>
     <description>একটি পুনরাবৃত্ত আমানত (RD) হল এক ধরনের বিনিয়োগ পণ্য যা ব্যাঙ্ক এবং অন্যান্য আর্থিক প্রতিষ্ঠান দ্বারা অফার করা হয়। এটি ব্যক্তিদের একটি নির্দিষ্ট পরিমাণ অর্থ সঞ্চয় করতে দেয়</description>
     <ror:updatePeriod></ror:updatePeriod>
     <ror:sortOrder>2</ror:sortOrder>
     <ror:resourceOf>sitemap</ror:resourceOf>
</item>
<item>
     <link>https://nivesguru.in/hi/pnb-rd-calculator</link>
     <title>पंजाब नेशनल बैंक आवर्ती जमा | पीएनबी आरडी कैलकुलेटर</title>
     <description>आवर्ती जमा (आरडी) बैंकों और अन्य वित्तीय संस्थानों द्वारा पेश किया जाने वाला एक प्रकार का निवेश उत्पाद है। यह व्यक्ति को एक निश्चित राशि बचाने की अनुमति देता है</description>
     <ror:updatePeriod></ror:updatePeriod>
     <ror:sortOrder>2</ror:sortOrder>
     <ror:resourceOf>sitemap</ror:resourceOf>
</item>
<item>
     <link>https://nivesguru.in/bn/pnb-rd-calculator</link>
     <title>পাঞ্জাব ন্যাশনাল ব্যাঙ্ক রিকারিং ডিপোজিট | পিএনবি আরডি ক্যালকুলেটর</title>
     <description>একটি পুনরাবৃত্ত আমানত (RD) হল এক ধরনের বিনিয়োগ পণ্য যা ব্যাঙ্ক এবং অন্যান্য আর্থিক প্রতিষ্ঠান দ্বারা অফার করা হয়। এটি ব্যক্তিকে একটি নির্দিষ্ট পরিমাণ অর্থ সঞ্চয় করতে দেয়</description>
     <ror:updatePeriod></ror:updatePeriod>
     <ror:sortOrder>2</ror:sortOrder>
     <ror:resourceOf>sitemap</ror:resourceOf>
</item>
<item>
     <link>https://nivesguru.in/hi/sbi-rd-calculator</link>
     <title>भारतीय स्टेट बैंक आवर्ती जमा | एसबीआई आरडी कैलकुलेटर</title>
     <description>एसबीआई, जिसे भारतीय स्टेट बैंक के नाम से भी जाना जाता है, भारत के सबसे बड़े सार्वजनिक क्षेत्र के बैंकों में से एक है, जो निवेशकों को आवर्ती जमा योजनाओं की एक श्रृंखला प्रदान करता है सेबी</description>
     <ror:updatePeriod></ror:updatePeriod>
     <ror:sortOrder>2</ror:sortOrder>
     <ror:resourceOf>sitemap</ror:resourceOf>
</item>
<item>
     <link>https://nivesguru.in/bn/sbi-rd-calculator</link>
     <title>স্টেট ব্যাঙ্ক অফ ইন্ডিয়া রেকারিং ডিপোজিট | এসবিআই আরডি ক্যালকুলেটর</title>
     <description>SBI, স্টেট ব্যাঙ্ক অফ ইন্ডিয়া নামেও পরিচিত, ভারতের সর্ববৃহৎ পাবলিক সেক্টর ব্যাঙ্কগুলির মধ্যে একটি, যেটি বিনিয়োগকারীদের জন্য রিকারিং ডিপোজিট স্কিমগুলির একটি পরিসীমা অফার করে৷ সেবি</description>
     <ror:updatePeriod></ror:updatePeriod>
     <ror:sortOrder>2</ror:sortOrder>
     <ror:resourceOf>sitemap</ror:resourceOf>
</item>
<item>
     <link>https://nivesguru.in/hi/ubi-rd-calculator</link>
     <title>यूनियन बैंक ऑफ इंडिया आवर्ती जमा | यूबीआई आरडी कैलकुलेटर</title>
     <description>आवर्ती जमा (आरडी) बैंकों और अन्य वित्तीय संस्थानों द्वारा पेश किया जाने वाला एक प्रकार का निवेश उत्पाद है। यह व्यक्ति को एक निश्चित राशि बचाने की अनुमति देता है</description>
     <ror:updatePeriod></ror:updatePeriod>
     <ror:sortOrder>2</ror:sortOrder>
     <ror:resourceOf>sitemap</ror:resourceOf>
</item>
<item>
     <link>https://nivesguru.in/bn/ubi-rd-calculator</link>
     <title>ইউনিয়ন ব্যাঙ্ক অফ ইন্ডিয়া রেকারিং ডিপোজিট | ইউবিআই আরডি ক্যালকুলেটর</title>
     <description>একটি পুনরাবৃত্ত আমানত (RD) হল এক ধরনের বিনিয়োগ পণ্য যা ব্যাঙ্ক এবং অন্যান্য আর্থিক প্রতিষ্ঠান দ্বারা অফার করা হয়। এটি ব্যক্তিকে একটি নির্দিষ্ট পরিমাণ অর্থ সঞ্চয় করতে দেয়</description>
     <ror:updatePeriod></ror:updatePeriod>
     <ror:sortOrder>2</ror:sortOrder>
     <ror:resourceOf>sitemap</ror:resourceOf>
</item>
<item>
     <link>https://nivesguru.in/hi/sb-calculator</link>
     <title>निःशुल्क बचत खाता एसबी कैलकुलेटर | नाइव्सगुरु निवेश</title>
     <description>बचत खाता व्यक्तियों के लिए उपलब्ध सबसे लोकप्रिय और सुरक्षित निवेश विकल्पों में से एक है। यह एक प्रकार का जमा खाता है जो व्यक्तियों को अनुमति देता है</description>
     <ror:updatePeriod></ror:updatePeriod>
     <ror:sortOrder>2</ror:sortOrder>
     <ror:resourceOf>sitemap</ror:resourceOf>
</item>
<item>
     <link>https://nivesguru.in/bn/sb-calculator</link>
     <title>বিনামূল্যে সেভিংস অ্যাকাউন্ট এসবি ক্যালকুলেটর | নিভসগুরু ইনভেস্টমেন্ট</title>
     <description>একটি সঞ্চয় অ্যাকাউন্ট ব্যক্তিদের জন্য উপলব্ধ সবচেয়ে জনপ্রিয় এবং নিরাপদ বিনিয়োগ বিকল্পগুলির মধ্যে একটি। এটি এক ধরনের আমানত অ্যাকাউন্ট যা ব্যক্তিদের অনুমতি দেয়</description>
     <ror:updatePeriod></ror:updatePeriod>
     <ror:sortOrder>2</ror:sortOrder>
     <ror:resourceOf>sitemap</ror:resourceOf>
</item>
<item>
     <link>https://nivesguru.in/hi/bob-sb-calculator</link>
     <title>बैंक ऑफ बड़ौदा बचत जमा | भारत के लिए बीओबी एसबी कैलकुलेटर</title>
     <description>बचत खाता व्यक्तियों के लिए उपलब्ध सबसे लोकप्रिय और सुरक्षित निवेश विकल्पों में से एक है। यह एक प्रकार का जमा खाता है जो व्यक्तियों को अनुमति देता है</description>
     <ror:updatePeriod></ror:updatePeriod>
     <ror:sortOrder>2</ror:sortOrder>
     <ror:resourceOf>sitemap</ror:resourceOf>
</item>
<item>
     <link>https://nivesguru.in/bn/bob-sb-calculator</link>
     <title>ব্যাঙ্ক অফ বরোদা সেভিংস ডিপোজিট | ভারতের জন্য BOB এসবি ক্যালকুলেটর</title>
     <description>একটি সঞ্চয় অ্যাকাউন্ট ব্যক্তিদের জন্য উপলব্ধ সবচেয়ে জনপ্রিয় এবং নিরাপদ বিনিয়োগ বিকল্পগুলির মধ্যে একটি। এটি এক ধরনের আমানত অ্যাকাউন্ট যা ব্যক্তিদের অনুমতি দেয়</description>
     <ror:updatePeriod></ror:updatePeriod>
     <ror:sortOrder>2</ror:sortOrder>
     <ror:resourceOf>sitemap</ror:resourceOf>
</item>
<item>
     <link>https://nivesguru.in/hi/pnb-sb-calculator.html</link>
     <title>पंजाब नेशनल बैंक आवर्ती जमा | पीएनबी आरडी कैलकुलेटर</title>
     <description>बचत खाता व्यक्तियों के लिए उपलब्ध सबसे लोकप्रिय और सुरक्षित निवेश विकल्पों में से एक है। यह एक प्रकार का जमा खाता है जो व्यक्तियों को इसकी अनुमति देता है</description>
     <ror:updatePeriod></ror:updatePeriod>
     <ror:sortOrder>2</ror:sortOrder>
     <ror:resourceOf>sitemap</ror:resourceOf>
</item>
<item>
     <link>https://nivesguru.in/bn/pnb-sb-calculator.html</link>
     <title>পাঞ্জাব ন্যাশনাল ব্যাঙ্ক সঞ্চয় আমানত | পিএনবি এসবি ক্যালকুলেটর</title>
     <description>একটি সঞ্চয় অ্যাকাউন্ট ব্যক্তিদের জন্য উপলব্ধ সবচেয়ে জনপ্রিয় এবং নিরাপদ বিনিয়োগ বিকল্পগুলির মধ্যে একটি। এটি এক ধরনের আমানত অ্যাকাউন্ট যা ব্যক্তিদের অনুমতি দেয়</description>
     <ror:updatePeriod></ror:updatePeriod>
     <ror:sortOrder>2</ror:sortOrder>
     <ror:resourceOf>sitemap</ror:resourceOf>
</item>
<item>
     <link>https://nivesguru.in/hi/sbi-sb-calculator</link>
     <title>भारतीय स्टेट बैंक बचत बैंक खाता | एसबीआई एसबी कैलकुलेटर</title>
     <description>बचत खाता व्यक्तियों के लिए उपलब्ध सबसे लोकप्रिय और सुरक्षित निवेश विकल्पों में से एक है। यह एक प्रकार का जमा खाता है जो व्यक्तियों को अनुमति देता है</description>
     <ror:updatePeriod></ror:updatePeriod>
     <ror:sortOrder>2</ror:sortOrder>
     <ror:resourceOf>sitemap</ror:resourceOf>
</item>
<item>
     <link>https://nivesguru.in/bn/sbi-sb-calculator</link>
     <title>স্টেট ব্যাঙ্ক অফ ইন্ডিয়া সেভিংস ব্যাঙ্ক অ্যাকাউন্ট | এসবিআই এসবি ক্যালকুলেটর</title>
     <description>একটি সঞ্চয় অ্যাকাউন্ট ব্যক্তিদের জন্য উপলব্ধ সবচেয়ে জনপ্রিয় এবং নিরাপদ বিনিয়োগ বিকল্পগুলির মধ্যে একটি। এটি এক ধরনের আমানত অ্যাকাউন্ট যা ব্যক্তিদের অনুমতি দেয়</description>
     <ror:updatePeriod></ror:updatePeriod>
     <ror:sortOrder>2</ror:sortOrder>
     <ror:resourceOf>sitemap</ror:resourceOf>
</item>
<item>
     <link>https://nivesguru.in/hi/ubi-sb-calculator</link>
     <title>यूनियन बैंक ऑफ इंडिया | यूबीआई एसबी निवेश कैलकुलेटर</title>
     <description>बचत खाता व्यक्तियों के लिए उपलब्ध सबसे लोकप्रिय और सुरक्षित निवेश विकल्पों में से एक है। यह एक प्रकार का जमा खाता है जो व्यक्तियों को इसकी अनुमति देता है</description>
     <ror:updatePeriod></ror:updatePeriod>
     <ror:sortOrder>2</ror:sortOrder>
     <ror:resourceOf>sitemap</ror:resourceOf>
</item>
<item>
     <link>https://nivesguru.in/bn/ubi-sb-calculator</link>
     <title>ইউনিয়ন ব্যাঙ্ক অফ ইন্ডিয়া সেভিংস | ভারতের জন্য UBI এসবি ক্যালকুলেটর</title>
     <description>একটি সঞ্চয় অ্যাকাউন্ট ব্যক্তিদের জন্য উপলব্ধ সবচেয়ে জনপ্রিয় এবং নিরাপদ বিনিয়োগ বিকল্পগুলির মধ্যে একটি। এটি এক ধরনের আমানত অ্যাকাউন্ট যা ব্যক্তিদের অনুমতি দেয়</description>
     <ror:updatePeriod></ror:updatePeriod>
     <ror:sortOrder>2</ror:sortOrder>
     <ror:resourceOf>sitemap</ror:resourceOf>
</item>
<item>
     <link>https://nivesguru.in/hi/about-us</link>
     <title>हमारे बारे में | निवेश कैलकुलेटर - वित्तीय योजना भविष्य</title>
     <description>भारत सरकार ने डिजिटल इंडिया पहल शुरू की और भारतीय स्वतंत्रता की 75वीं वर्षगांठ पर टीम निवेशगुरु आजादी का अमृत महोत्सव मना रही है</description>
     <ror:updatePeriod></ror:updatePeriod>
     <ror:sortOrder>2</ror:sortOrder>
     <ror:resourceOf>sitemap</ror:resourceOf>
</item>
<item>
     <link>https://nivesguru.in/bn/about-us</link>
     <title>আমাদের সম্পর্কে | নিভেসগুরু | ভারতের জন্য বিনামূল্যে বিনিয়োগ ক্যালকুলেটর</title>
     <description>Indian Government started Digital India initiative and on the 75th Anniversary of Indian Independence, Team Nivesguru celebrating Azadi Ka Amrit Mahotsav</description>
     <ror:updatePeriod></ror:updatePeriod>
     <ror:sortOrder>2</ror:sortOrder>
     <ror:resourceOf>sitemap</ror:resourceOf>
</item>
<item>
     <link>https://nivesguru.in/sitemap.html</link>
     <title>nivesguru.in Site Map - Generated by www.xml-sitemaps.com</title>
     <description>nivesguru.in Site Map - Generated by www.xml-sitemaps.com</description>
     <ror:updatePeriod></ror:updatePeriod>
     <ror:sortOrder>2</ror:sortOrder>
     <ror:resourceOf>sitemap</ror:resourceOf>
</item>
<item>
     <link>https://nivesguru.in/hi/contact-us</link>
     <title>हमसे संपर्क करें | निवेश कैलकुलेटर - वित्तीय योजना भविष्य</title>
     <description>निवेसगुरु में, हम अपने ग्राहकों को महत्व देते हैं और असाधारण सेवा प्रदान करने के लिए प्रतिबद्ध हैं। यदि आपका कोई प्रश्न, चिंता या प्रतिक्रिया है, तो हमें सुनना अच्छा लगेगा</description>
     <ror:updatePeriod></ror:updatePeriod>
     <ror:sortOrder>2</ror:sortOrder>
     <ror:resourceOf>sitemap</ror:resourceOf>
</item>
<item>
     <link>https://nivesguru.in/bn/contact-us</link>
     <title>আমাদের সাথে যোগাযোগ করুন | বিনিয়োগ ক্যালকুলেটর - পরিকল্পনা আর্থিক ভবিষ্যত</title>
     <description>নিভেসগুরুতে, আমরা আমাদের গ্রাহকদের মূল্য দিই এবং ব্যতিক্রমী পরিষেবা প্রদানের জন্য প্রতিশ্রুতিবদ্ধ। আপনার যদি কোন প্রশ্ন, উদ্বেগ, বা প্রতিক্রিয়া থাকে, আমরা শুনতে চাই</description>
     <ror:updatePeriod></ror:updatePeriod>
     <ror:sortOrder>2</ror:sortOrder>
     <ror:resourceOf>sitemap</ror:resourceOf>
</item>
<item>
     <link>https://nivesguru.in/hi/post-office-monthly-income-scheme-mis-calculator</link>
     <title>डाकघर मासिक आय योजना / एमआईएस कैलकुलेटर निवेसगुरु</title>
     <description>जब आपकी मेहनत की कमाई को निवेश करने की बात आती है, तो एक सुरक्षित और विश्वसनीय विकल्प ढूंढना महत्वपूर्ण है। डाकघर मासिक आय योजना (एमआईएस) निवेश</description>
     <ror:updatePeriod></ror:updatePeriod>
     <ror:sortOrder>2</ror:sortOrder>
     <ror:resourceOf>sitemap</ror:resourceOf>
</item>
<item>
     <link>https://nivesguru.in/hi/apy-calculator</link>
     <title>निवेशगुरु द्वारा अटल पेंशन योजना के लिए ऑनलाइन एपीवाई कैलकुलेटर</title>
     <description>अटल पेंशन योजना के लिए APY कैलकुलेटर, सरकार द्वारा मासिक ₹1,000 से ₹5,000 तक पेंशन। आयु 18-40 के बीच होनी चाहिए, 60 वर्ष तक न्यूनतम योगदान ₹42/माह होना चाहिए</description>
     <ror:updatePeriod></ror:updatePeriod>
     <ror:sortOrder>2</ror:sortOrder>
     <ror:resourceOf>sitemap</ror:resourceOf>
</item>
<item>
     <link>https://nivesguru.in/hi/emi-calculator-online</link>
     <title>बाइक लोन ईएमआई कैलकुलेटर ऑनलाइन: सोच-समझकर निर्णय लेना</title>
     <description>हमारे उपयोगकर्ता-अनुकूल कैलकुलेटर से बाइक ऋण ईएमआई की ऑनलाइन गणना करें। सटीक परिणाम प्राप्त करें और अपने बजट की प्रभावी ढंग से योजना बनाएं। अभी हमारा बाइक लोन ईएमआई कैलकुलेटर आज़माएं</description>
     <ror:updatePeriod></ror:updatePeriod>
     <ror:sortOrder>2</ror:sortOrder>
     <ror:resourceOf>sitemap</ror:resourceOf>
</item>
<item>
     <link>https://nivesguru.in/hi/lumpsum-calculator-online</link>
     <title>लम्पसम कैलकुलेटर ऑनलाइन: वित्तीय योजना बनाना आसान</title>
     <description>हमारे ऑनलाइन एकमुश्त कैलकुलेटर के साथ अपनी वित्तीय योजना को अनुकूलित करें। एकमुश्त निवेश की गणना के लिए सटीक, उपयोग में आसान उपकरण। अपने भविष्य की योजना सोच-समझकर बनाएं</description>
     <ror:updatePeriod></ror:updatePeriod>
     <ror:sortOrder>2</ror:sortOrder>
     <ror:resourceOf>sitemap</ror:resourceOf>
</item>
<item>
     <link>https://nivesguru.in/hi/pnb-sb-calculator</link>
     <title>पंजाब नेशनल बैंक आवर्ती जमा | पीएनबी आरडी कैलकुलेटर</title>
     <description>बचत खाता व्यक्तियों के लिए उपलब्ध सबसे लोकप्रिय और सुरक्षित निवेश विकल्पों में से एक है। यह एक प्रकार का जमा खाता है जो व्यक्तियों को इसकी अनुमति देता है</description>
     <ror:updatePeriod></ror:updatePeriod>
     <ror:sortOrder>2</ror:sortOrder>
     <ror:resourceOf>sitemap</ror:resourceOf>
</item>
<item>
     <link>https://nivesguru.in/hi/faq-page</link>
     <title>अक्सर पूछे जाने वाले प्रश्न/एफएक्यू पेज निवेसगुरु कैलकुलेटर</title>
     <description>निवेसगुरु FAQ पृष्ठ में आपका स्वागत है! यहां, आपको हमारी वेबसाइट के बारे में अक्सर पूछे जाने वाले कुछ प्रश्नों के उत्तर मिलेंगे, जिनमें हम क्या करते हैं, किस प्रकार के हैं, आदि शामिल हैं</description>
     <ror:updatePeriod></ror:updatePeriod>
     <ror:sortOrder>2</ror:sortOrder>
     <ror:resourceOf>sitemap</ror:resourceOf>
</item>
<item>
     <link>https://nivesguru.in/hi/boi-fd-calculator</link>
     <title>बैंक ऑफ इंडिया फिक्स्ड डिपॉजिट | भारत के लिए बीओआई एफडी कैलकुलेटर</title>
     <description>बीओआई, जिसे बैंक ऑफ इंडिया के नाम से भी जाना जाता है, भारत के सबसे बड़े सार्वजनिक क्षेत्र के बैंकों में से एक है, जो निवेशकों को कई प्रकार की सावधि जमा योजनाओं की पेशकश करता है। बीओआई सावधि जमा</description>
     <ror:updatePeriod></ror:updatePeriod>
     <ror:sortOrder>2</ror:sortOrder>
     <ror:resourceOf>sitemap</ror:resourceOf>
</item>
<item>
     <link>https://nivesguru.in/hi/boi-sb-calculator</link>
     <title>बैंक ऑफ इंडिया बचत खाता | भारत के लिए बीओआई एसबी कैलकुलेटर</title>
     <description>बचत खाता व्यक्तियों के लिए उपलब्ध सबसे लोकप्रिय और सुरक्षित निवेश विकल्पों में से एक है। यह एक प्रकार का जमा खाता है जो व्यक्तियों को इसकी अनुमति देता है</description>
     <ror:updatePeriod></ror:updatePeriod>
     <ror:sortOrder>2</ror:sortOrder>
     <ror:resourceOf>sitemap</ror:resourceOf>
</item>
<item>
     <link>https://nivesguru.in/hi/boi-rd-calculator</link>
     <title>बैंक ऑफ इंडिया आवर्ती जमा | भारत का बीओआई आरडी कैलकुलेटर</title>
     <description>आवर्ती जमा (आरडी) बैंकों और अन्य वित्तीय संस्थानों द्वारा पेश किया जाने वाला एक प्रकार का निवेश उत्पाद है। यह व्यक्ति को एक निश्चित राशि बचाने की अनुमति देता है</description>
     <ror:updatePeriod></ror:updatePeriod>
     <ror:sortOrder>2</ror:sortOrder>
     <ror:resourceOf>sitemap</ror:resourceOf>
</item>
<item>
     <link>https://nivesguru.in/bn/emi-calculator-online</link>
     <title>বাইক লোন ইএমআই ক্যালকুলেটর অনলাইন: অবহিত সিদ্ধান্ত নেওয়া</title>
     <description>আমাদের ব্যবহারকারী-বান্ধব ক্যালকুলেটর দিয়ে অনলাইনে বাইক লোনের ইএমআই গণনা করুন। সঠিক ফলাফল পান এবং আপনার বাজেট কার্যকরভাবে পরিকল্পনা করুন। এখনই আমাদের বাইক লোন ইএমআই ক্যালকুলেটর ব্যবহা</description>
     <ror:updatePeriod></ror:updatePeriod>
     <ror:sortOrder>2</ror:sortOrder>
     <ror:resourceOf>sitemap</ror:resourceOf>
</item>
<item>
     <link>https://nivesguru.in/bn/lumpsum-calculator-online</link>
     <title>লাম্পসাম ক্যালকুলেটর অনলাইন: আর্থিক পরিকল্পনার হাওয়া তৈরি করা</title>
     <description>অনলাইনে আমাদের লাম্পসাম ক্যালকুলেটর দিয়ে আপনার আর্থিক পরিকল্পনা অপ্টিমাইজ করুন। একমাস বিনিয়োগ গণনা করার জন্য সঠিক, সহজে ব্যবহারযোগ্য টুল। বিজ্ঞতার সাথে আপনার ভবিষ্যৎ পরিকল্পনা করুন</description>
     <ror:updatePeriod></ror:updatePeriod>
     <ror:sortOrder>2</ror:sortOrder>
     <ror:resourceOf>sitemap</ror:resourceOf>
</item>
<item>
     <link>https://nivesguru.in/bn/pnb-sb-calculator</link>
     <title>পাঞ্জাব ন্যাশনাল ব্যাঙ্ক সঞ্চয় আমানত | পিএনবি এসবি ক্যালকুলেটর</title>
     <description>একটি সঞ্চয় অ্যাকাউন্ট ব্যক্তিদের জন্য উপলব্ধ সবচেয়ে জনপ্রিয় এবং নিরাপদ বিনিয়োগ বিকল্পগুলির মধ্যে একটি। এটি এক ধরনের আমানত অ্যাকাউন্ট যা ব্যক্তিদের অনুমতি দেয়</description>
     <ror:updatePeriod></ror:updatePeriod>
     <ror:sortOrder>2</ror:sortOrder>
     <ror:resourceOf>sitemap</ror:resourceOf>
</item>
<item>
     <link>https://nivesguru.in/hi/index.html</link>
     <title>निवेश कैलकुलेटर - वित्तीय भविष्य की योजना बनाएं | निवेसगुरु</title>
     <description>निवेसगुरु निवेश के लिए एक ऑनलाइन गणना उपकरण बिल्कुल मुफ्त है। भारतीयों को अपने वित्त संबंधी निवेश के लिए प्रेरित करने की एक पहल</description>
     <ror:updatePeriod></ror:updatePeriod>
     <ror:sortOrder>2</ror:sortOrder>
     <ror:resourceOf>sitemap</ror:resourceOf>
</item>
<item>
     <link>https://nivesguru.in/bn/index.html</link>
     <title>নিভেসগুরু: বিনামূল্যে ক্যালকুলেটর বিনিয়োগ ভারতের জন্য সহজ করে তোলে</title>
     <description>নিভেসগুরু হল সম্পূর্ণ বিনামূল্যে বিনিয়োগের জন্য একটি অনলাইন গণনার টুল। ভারতীয়দের জন্য একটি উদ্যোগ তাদের অর্থ সম্পর্কিত বিনিয়োগের জন্য অনুপ্রাণিত করার জন্য</description>
     <ror:updatePeriod></ror:updatePeriod>
     <ror:sortOrder>2</ror:sortOrder>
     <ror:resourceOf>sitemap</ror:resourceOf>
</item>
<item>
     <link>https://nivesguru.in/bn/boi-fd-calculator</link>
     <title>ব্যাঙ্ক অফ ইন্ডিয়া ফিক্সড ডিপোজিট | ভারতের জন্য BOI FD ক্যালকুলেটর</title>
     <description>BOI, ব্যাংক অফ ইন্ডিয়া নামেও পরিচিত, ভারতের সর্ববৃহৎ পাবলিক সেক্টরের ব্যাঙ্কগুলির মধ্যে একটি, যা বিনিয়োগকারীদের জন্য ফিক্সড ডিপোজিট স্কিমগুলির একটি পরিসীমা অফার করে৷ BOI ফিক্সড ডিপোজিট</description>
     <ror:updatePeriod></ror:updatePeriod>
     <ror:sortOrder>2</ror:sortOrder>
     <ror:resourceOf>sitemap</ror:resourceOf>
</item>
<item>
     <link>https://nivesguru.in/bn/boi-sb-calculator</link>
     <title>ব্যাঙ্ক অফ ইন্ডিয়া সেভিংস অ্যাকাউন্ট | ভারতের জন্য BOI এসবি ক্যালকুলেটর</title>
     <description>একটি সঞ্চয় অ্যাকাউন্ট ব্যক্তিদের জন্য উপলব্ধ সবচেয়ে জনপ্রিয় এবং নিরাপদ বিনিয়োগ বিকল্পগুলির মধ্যে একটি। এটি এক ধরনের আমানত অ্যাকাউন্ট যা ব্যক্তিদের অনুমতি দেয়</description>
     <ror:updatePeriod></ror:updatePeriod>
     <ror:sortOrder>2</ror:sortOrder>
     <ror:resourceOf>sitemap</ror:resourceOf>
</item>
<item>
     <link>https://nivesguru.in/bn/boi-rd-calculator</link>
     <title>ব্যাঙ্ক অফ ইন্ডিয়া রেকারিং ডিপোজিট | ভারতের বিওআই আরডি ক্যালকুলেটর</title>
     <description>একটি পুনরাবৃত্ত আমানত (RD) হল এক ধরনের বিনিয়োগ পণ্য যা ব্যাঙ্ক এবং অন্যান্য আর্থিক প্রতিষ্ঠান দ্বারা অফার করা হয়। এটি ব্যক্তিকে একটি নির্দিষ্ট পরিমাণ অর্থ সঞ্চয় করতে দেয়</description>
     <ror:updatePeriod></ror:updatePeriod>
     <ror:sortOrder>2</ror:sortOrder>
     <ror:resourceOf>sitemap</ror:resourceOf>
</item>
<item>
     <link>https://nivesguru.in/bn/faq-page</link>
     <title>প্রায়শই জিজ্ঞাসিত প্রশ্ন / প্রায়শই জিজ্ঞাসিত প্রশ্ন পাতা Nivesguru ক্যালকুলেটর</title>
     <description>নিভেসগুরু FAQ পাতায় স্বাগতম! এখানে, আপনি আমাদের ওয়েবসাইট সম্পর্কে প্রায়শই জিজ্ঞাসিত কিছু প্রশ্নের উত্তর পাবেন, যার মধ্যে আমরা কী করি, কী ধরনের</description>
     <ror:updatePeriod></ror:updatePeriod>
     <ror:sortOrder>2</ror:sortOrder>
     <ror:resourceOf>sitemap</ror:resourceOf>
</item>
<item>
     <link>https://nivesguru.in/bn/about-us.html</link>
     <title>আমাদের সম্পর্কে | নিভেসগুরু | ভারতের জন্য বিনামূল্যে বিনিয়োগ ক্যালকুলেটর</title>
     <description>Indian Government started Digital India initiative and on the 75th Anniversary of Indian Independence, Team Nivesguru celebrating Azadi Ka Amrit Mahotsav</description>
     <ror:updatePeriod></ror:updatePeriod>
     <ror:sortOrder>3</ror:sortOrder>
     <ror:resourceOf>sitemap</ror:resourceOf>
</item>
</channel>
</rss>
  