<?xml version="1.0" encoding="UTF-8"?>
<rss version="2.0" xmlns:ror="http://rorweb.com/0.1/" >
<channel>
  <title>ROR Sitemap for https://nivesguru.in/</title>
  <link>https://nivesguru.in/</link>

<item>
     <link>https://nivesguru.in/</link>
     <title>Nivesguru: Free Calculator Investment make easy for India</title>
     <description>Nivesguru is a online calculation tool for investments absolutely free of cost. A initiative for Indian to motivate on investments for their finance related</description>
     <ror:updatePeriod></ror:updatePeriod>
     <ror:sortOrder>0</ror:sortOrder>
     <ror:resourceOf>sitemap</ror:resourceOf>
</item>
<item>
     <link>https://nivesguru.in/senior-citizens-savings-scheme-scss-calculator</link>
     <title>SCSS Calculator Senior Citizens Savings Scheme Interest rate</title>
     <description>Explore the Senior Citizens Savings Scheme (SCSS) and post office SCSS scheme to make the most of your retirement years. Learn about interest rates, calculator</description>
     <ror:updatePeriod></ror:updatePeriod>
     <ror:sortOrder>1</ror:sortOrder>
     <ror:resourceOf>sitemap</ror:resourceOf>
</item>
<item>
     <link>https://nivesguru.in/post-office-monthly-income-scheme-mis-calculator</link>
     <title>Post Office Monthly Income Scheme / MIS Calculator NivesGuru</title>
     <description>When it comes to investing your hard-earned money, finding a secure and reliable option is crucial. The Post Office Monthly Income Scheme (MIS) investment </description>
     <ror:updatePeriod></ror:updatePeriod>
     <ror:sortOrder>1</ror:sortOrder>
     <ror:resourceOf>sitemap</ror:resourceOf>
</item>
<item>
     <link>https://nivesguru.in/mahila-samman-savings-certificate-mssc-calculator</link>
     <title>Mahila Samman Savings Certificate / MSSC Calculator online</title>
     <description>Post Office Mahila Samman Savings Certificate (MSSC) investment for women. Also known as Mahila Samman Bachat Patra Yojana, returns 7.5% interest on upto 2 lakh</description>
     <ror:updatePeriod></ror:updatePeriod>
     <ror:sortOrder>1</ror:sortOrder>
     <ror:resourceOf>sitemap</ror:resourceOf>
</item>
<item>
     <link>https://nivesguru.in/post-office-time-deposit-td-calculator</link>
     <title>Investment Scheme Post Office Time Deposit / TD Calculator</title>
     <description>Investing your hard-earned money in secure and profitable scheme is essential for securing your financial future. One such investment option is the Post Office</description>
     <ror:updatePeriod></ror:updatePeriod>
     <ror:sortOrder>1</ror:sortOrder>
     <ror:resourceOf>sitemap</ror:resourceOf>
</item>
<item>
     <link>https://nivesguru.in/kvp-calculator</link>
     <title>KVP Calculator - Kisan Vikas Patra free web app by Nivesguru</title>
     <description>KVP Calculator for Kisan Vikas Patra a bond backed by Government, interest rate 7.5% compounded annually, investment return get double on maturity in 115 months</description>
     <ror:updatePeriod></ror:updatePeriod>
     <ror:sortOrder>1</ror:sortOrder>
     <ror:resourceOf>sitemap</ror:resourceOf>
</item>
<item>
     <link>https://nivesguru.in/national-savings-certificate-nsc-calculator</link>
     <title>National Savings Certificate / NSC Calculator by Nivesguru</title>
     <description>The National Savings Certificate (NSC) is a government-backed savings scheme that offers guaranteed returns on investment. It is a popular investment option</description>
     <ror:updatePeriod></ror:updatePeriod>
     <ror:sortOrder>1</ror:sortOrder>
     <ror:resourceOf>sitemap</ror:resourceOf>
</item>
<item>
     <link>https://nivesguru.in/sgb-calculator</link>
     <title>Sovereign Gold Bond / SGB Calculator : Investment &amp; Returns</title>
     <description>The Sovereign Gold Bond (SGB) is a government-backed scheme that offers investors the opportunity to invest in gold without having to worry </description>
     <ror:updatePeriod></ror:updatePeriod>
     <ror:sortOrder>1</ror:sortOrder>
     <ror:resourceOf>sitemap</ror:resourceOf>
</item>
<item>
     <link>https://nivesguru.in/apy-calculator</link>
     <title>APY Calculator online for Atal Pension Yojana by Nivesguru</title>
     <description>APY Calculator for Atal Pension Yojana, pension from ₹1,000 to ₹5,000 monthly by Govt. Age should be between 18-40, minimum contribution ₹42/month upto 60 years</description>
     <ror:updatePeriod></ror:updatePeriod>
     <ror:sortOrder>1</ror:sortOrder>
     <ror:resourceOf>sitemap</ror:resourceOf>
</item>
<item>
     <link>https://nivesguru.in/national-pension-system-nps-calculator</link>
     <title>Free National Pension System / NPS Calculator by Nivesguru</title>
     <description>The National Pension System (NPS) is a government-backed retirement savings scheme in India. It is a voluntary scheme that allows individuals to save for their</description>
     <ror:updatePeriod></ror:updatePeriod>
     <ror:sortOrder>1</ror:sortOrder>
     <ror:resourceOf>sitemap</ror:resourceOf>
</item>
<item>
     <link>https://nivesguru.in/ppf-calculator</link>
     <title>PPF Calculator : Public Provident Fund a Retirement Scheme</title>
     <description>PPF Calculator : Public Provident Fund interest rate 7.1% in 2023 - 24 by Government of India. A retirement scheme start from ₹500 - ₹150000 / year for Indian</description>
     <ror:updatePeriod></ror:updatePeriod>
     <ror:sortOrder>1</ror:sortOrder>
     <ror:resourceOf>sitemap</ror:resourceOf>
</item>
<item>
     <link>https://nivesguru.in/pradhan-mantri-jeevan-jyoti-bima-yojana-pmjjby-calculator</link>
     <title>Pradhan Mantri Jeevan Jyoti Bima Yojana | PMJJBY Calculator</title>
     <description>Pradhan Mantri Jeevan Jyoti Bima Yojana (PMJJBY) is a government-backed life insurance scheme that provides life insurance coverage with affordable premium.</description>
     <ror:updatePeriod></ror:updatePeriod>
     <ror:sortOrder>1</ror:sortOrder>
     <ror:resourceOf>sitemap</ror:resourceOf>
</item>
<item>
     <link>https://nivesguru.in/pradhan-mantri-suraksha-bima-yojana-pmsby-calculator</link>
     <title>Free Pradhan Mantri Suraksha Bima Yojana / PMSBY Calculator</title>
     <description>Pradhan Mantri Suraksha Bima Yojana (PMSBY) is a government-backed life insurance scheme that provides financial protection to the family of the policyholder in</description>
     <ror:updatePeriod></ror:updatePeriod>
     <ror:sortOrder>1</ror:sortOrder>
     <ror:resourceOf>sitemap</ror:resourceOf>
</item>
<item>
     <link>https://nivesguru.in/sukanya-samriddhi-yojana-ssy-calculator</link>
     <title>Free Sukanya Samriddhi Yojana / SSY Calculator by Nivesguru</title>
     <description>Sukanya Samriddhi Yojana (SSY) is a government-backed savings scheme designed to encourage parents to save for the future of their daughters. The scheme was</description>
     <ror:updatePeriod></ror:updatePeriod>
     <ror:sortOrder>1</ror:sortOrder>
     <ror:resourceOf>sitemap</ror:resourceOf>
</item>
<item>
     <link>https://nivesguru.in/systematic-investment-plan-sip-return-calculator</link>
     <title>SIP Return Calculator: Power of Systematic Investment Plans</title>
     <description>Explore the benefits of SIP investment with our SIP Return Calculator. Discover how systematic investment plan calculators in India can help you</description>
     <ror:updatePeriod></ror:updatePeriod>
     <ror:sortOrder>1</ror:sortOrder>
     <ror:resourceOf>sitemap</ror:resourceOf>
</item>
<item>
     <link>https://nivesguru.in/inflation-calculator-india</link>
     <title>Free online Inflation Calculator India Investment Nivesguru</title>
     <description>Explore the significance of an inflation calculator in India. Learn how to calculate inflation rates, track rupee's value, and understand its impact</description>
     <ror:updatePeriod></ror:updatePeriod>
     <ror:sortOrder>1</ror:sortOrder>
     <ror:resourceOf>sitemap</ror:resourceOf>
</item>
<item>
     <link>https://nivesguru.in/compound-interest-calculator</link>
     <title>Free online Compound Interest Calculator, formula Nivesguru</title>
     <description>Learn the ins and outs of compound interest calculation, compounding formulas, and how to use a compound interest calculator to maximize your wealth</description>
     <ror:updatePeriod></ror:updatePeriod>
     <ror:sortOrder>1</ror:sortOrder>
     <ror:resourceOf>sitemap</ror:resourceOf>
</item>
<item>
     <link>https://nivesguru.in/fixed-deposit-fd-calculator</link>
     <title>FD Calculator Fixed Deposit Investment of India by Nivesguru</title>
     <description>A fixed deposit (FD) is a type of investment product offered by banks and other financial institutions. It allows individuals to invest a lump sum of money for</description>
     <ror:updatePeriod></ror:updatePeriod>
     <ror:sortOrder>1</ror:sortOrder>
     <ror:resourceOf>sitemap</ror:resourceOf>
</item>
<item>
     <link>https://nivesguru.in/rd-calculator</link>
     <title>Free Recurring deposit / RD Calculator for India | Nivesguru</title>
     <description>A recurring deposit (RD) is a type of investment product offered by banks and other financial institutions. It allows individuals to save fixed amount of money</description>
     <ror:updatePeriod></ror:updatePeriod>
     <ror:sortOrder>1</ror:sortOrder>
     <ror:resourceOf>sitemap</ror:resourceOf>
</item>
<item>
     <link>https://nivesguru.in/sb-calculator</link>
     <title>Free Savings Account SB Calculator | NivesGuru Investment</title>
     <description>A savings account is one of the most popular and secure investment options available for individuals. It is a type of deposit account that allows individuals</description>
     <ror:updatePeriod></ror:updatePeriod>
     <ror:sortOrder>1</ror:sortOrder>
     <ror:resourceOf>sitemap</ror:resourceOf>
</item>
<item>
     <link>https://nivesguru.in/about-us</link>
     <title>About Us | Nivesguru | Free Investment Calculator for India</title>
     <description>Indian Government started Digital India initiative and on the 75th Anniversary of Indian Independence, Team Nivesguru celebrating Azadi Ka Amrit Mahotsav</description>
     <ror:updatePeriod></ror:updatePeriod>
     <ror:sortOrder>1</ror:sortOrder>
     <ror:resourceOf>sitemap</ror:resourceOf>
</item>
<item>
     <link>https://nivesguru.in/contact-us</link>
     <title>Contact Us | Investment Calculator - Plan Financial Future</title>
     <description>At Nivesguru, we value our customers and are committed to providing exceptional service. If you have any questions, concerns, or feedback, we would love to hear</description>
     <ror:updatePeriod></ror:updatePeriod>
     <ror:sortOrder>1</ror:sortOrder>
     <ror:resourceOf>sitemap</ror:resourceOf>
</item>
<item>
     <link>https://nivesguru.in/faq-page</link>
     <title>Frequently Asked Questions / FAQ page Nivesguru Calculator</title>
     <description>Welcome to the Nivesguru FAQ page! Here, you'll find answers to some of the most frequently asked questions about our website, including what we do, what type</description>
     <ror:updatePeriod></ror:updatePeriod>
     <ror:sortOrder>1</ror:sortOrder>
     <ror:resourceOf>sitemap</ror:resourceOf>
</item>
<item>
     <link>https://nivesguru.in/swp-calculator-online</link>
     <title>SWP Calculator Online: understand Systematic Withdrawal Plan</title>
     <description>Optimize your financial planning with our SWP calculator online. Accurately project systematic withdrawal plans for smarter investment decisions by Nivesguru</description>
     <ror:updatePeriod></ror:updatePeriod>
     <ror:sortOrder>1</ror:sortOrder>
     <ror:resourceOf>sitemap</ror:resourceOf>
</item>
<item>
     <link>https://nivesguru.in/simple-interest-calculator</link>
     <title>Simple Interest Calculator in Rupees: for Financial Clarity</title>
     <description>Discover the simplicity of our rupee simple interest calculator. Calculate interest on loans or investments effortlessly. Try our user-friendly tool now</description>
     <ror:updatePeriod></ror:updatePeriod>
     <ror:sortOrder>1</ror:sortOrder>
     <ror:resourceOf>sitemap</ror:resourceOf>
</item>
<item>
     <link>https://nivesguru.in/emi-calculator-online</link>
     <title>Bike Loan EMI Calculator Online : Making Informed Decisions</title>
     <description>Calculate bike loan EMI online with our user-friendly calculator. Get accurate results and plan your budget effectively. Try our Bike Loan EMI Calculator now</description>
     <ror:updatePeriod></ror:updatePeriod>
     <ror:sortOrder>1</ror:sortOrder>
     <ror:resourceOf>sitemap</ror:resourceOf>
</item>
<item>
     <link>https://nivesguru.in/bob-fd-calculator</link>
     <title>Bank of Baroda Fixed Deposit | BOB FD Calculator for India</title>
     <description>BOB, also known as Bank of Baroda, is one of the largest public sector banks in India, offering a range of fixed deposit schemes to investors. BOB fixed deposit</description>
     <ror:updatePeriod></ror:updatePeriod>
     <ror:sortOrder>1</ror:sortOrder>
     <ror:resourceOf>sitemap</ror:resourceOf>
</item>
<item>
     <link>https://nivesguru.in/boi-fd-calculator</link>
     <title>Bank of India Fixed Deposit | BOI FD Calculator for India</title>
     <description>BOI, also known as Bank of India, is one of the largest public sector banks in India, offering a range of fixed deposit schemes to investors. BOI fixed deposit</description>
     <ror:updatePeriod></ror:updatePeriod>
     <ror:sortOrder>1</ror:sortOrder>
     <ror:resourceOf>sitemap</ror:resourceOf>
</item>
<item>
     <link>https://nivesguru.in/pnb-fd-calculator</link>
     <title>Punjab National Bank Free Fixed Deposit | PNB FD Calculator</title>
     <description>PNB, also known as Punjab National Bank, is one of the largest public sector banks in India, offering a range of fixed deposit schemes to investors. PNB fixed</description>
     <ror:updatePeriod></ror:updatePeriod>
     <ror:sortOrder>1</ror:sortOrder>
     <ror:resourceOf>sitemap</ror:resourceOf>
</item>
<item>
     <link>https://nivesguru.in/sbi-fd-calculator</link>
     <title>Free SBI Fixed Deposit / FD Calculator for India | NivesGuru</title>
     <description>SBI, also known as State Bank of India, is one of the largest public sector banks in India, offering a range of fixed deposit schemes to investors. SBI fixed </description>
     <ror:updatePeriod></ror:updatePeriod>
     <ror:sortOrder>1</ror:sortOrder>
     <ror:resourceOf>sitemap</ror:resourceOf>
</item>
<item>
     <link>https://nivesguru.in/ubi-fd-calculator</link>
     <title>Union Bank of India Free Fixed Deposit | UBI FD Calculator</title>
     <description>UBI, also known as Union Bank of India, is one of the largest public sector banks in India, offering a range of fixed deposit schemes to investors. UBI fixed</description>
     <ror:updatePeriod></ror:updatePeriod>
     <ror:sortOrder>1</ror:sortOrder>
     <ror:resourceOf>sitemap</ror:resourceOf>
</item>
<item>
     <link>https://nivesguru.in/bob-sb-calculator</link>
     <title>Bank of Baroda Savings deposit | BOB SB Calculator for India</title>
     <description>A savings account is one of the most popular and secure investment options available for individuals. It is a type of deposit account that allows individuals</description>
     <ror:updatePeriod></ror:updatePeriod>
     <ror:sortOrder>1</ror:sortOrder>
     <ror:resourceOf>sitemap</ror:resourceOf>
</item>
<item>
     <link>https://nivesguru.in/boi-sb-calculator</link>
     <title>Bank of India Savings Account | BOI SB Calculator for India</title>
     <description>A savings account is one of the most popular and secure investment options available for individuals. It is a type of deposit account that allows individuals to</description>
     <ror:updatePeriod></ror:updatePeriod>
     <ror:sortOrder>1</ror:sortOrder>
     <ror:resourceOf>sitemap</ror:resourceOf>
</item>
<item>
     <link>https://nivesguru.in/pnb-sb-calculator</link>
     <title>Punjab National Bank Savings deposit | PNB SB Calculator</title>
     <description>A savings account is one of the most popular and secure investment options available for individuals. It is a type of deposit account that allows individuals to</description>
     <ror:updatePeriod></ror:updatePeriod>
     <ror:sortOrder>1</ror:sortOrder>
     <ror:resourceOf>sitemap</ror:resourceOf>
</item>
<item>
     <link>https://nivesguru.in/sbi-sb-calculator</link>
     <title>State Bank of India Savings Bank Account | SBI SB Calculator</title>
     <description>A savings account is one of the most popular and secure investment options available for individuals. It is a type of deposit account that allows individuals</description>
     <ror:updatePeriod></ror:updatePeriod>
     <ror:sortOrder>1</ror:sortOrder>
     <ror:resourceOf>sitemap</ror:resourceOf>
</item>
<item>
     <link>https://nivesguru.in/ubi-sb-calculator</link>
     <title>Union Bank of India Savings | UBI SB Calculator for India</title>
     <description>A savings account is one of the most popular and secure investment options available for individuals. It is a type of deposit account that allows individuals to</description>
     <ror:updatePeriod></ror:updatePeriod>
     <ror:sortOrder>1</ror:sortOrder>
     <ror:resourceOf>sitemap</ror:resourceOf>
</item>
<item>
     <link>https://nivesguru.in/bob-rd-calculator</link>
     <title>Bank of Baroda Recurring Deposit BOB RD Calculator Nivesguru</title>
     <description>A recurring deposit (RD) is a type of investment product offered by bank and other financial institutions. It allows individuals to save a fixed amount of money</description>
     <ror:updatePeriod></ror:updatePeriod>
     <ror:sortOrder>1</ror:sortOrder>
     <ror:resourceOf>sitemap</ror:resourceOf>
</item>
<item>
     <link>https://nivesguru.in/boi-rd-calculator</link>
     <title>Bank of India Recurring Deposit | BOI RD Calculator of India</title>
     <description>A recurring deposit (RD) is a type of investment product offered by banks and other financial institutions. It allows individual to save a fixed amount of money</description>
     <ror:updatePeriod></ror:updatePeriod>
     <ror:sortOrder>1</ror:sortOrder>
     <ror:resourceOf>sitemap</ror:resourceOf>
</item>
<item>
     <link>https://nivesguru.in/pnb-rd-calculator</link>
     <title>Punjab National Bank Recurring Deposit | PNB RD Calculator</title>
     <description>A recurring deposit (RD) is a type of investment product offered by banks and other financial institutions. It allows individual to save a fixed amount of money</description>
     <ror:updatePeriod></ror:updatePeriod>
     <ror:sortOrder>1</ror:sortOrder>
     <ror:resourceOf>sitemap</ror:resourceOf>
</item>
<item>
     <link>https://nivesguru.in/sbi-rd-calculator</link>
     <title>State Bank of India Recurring Deposit | SBI RD Calculator</title>
     <description>SBI, also known as State Bank of India, is one of the largest public sector banks in India, offering a range of Recurring deposit schemes to investorss. SBI</description>
     <ror:updatePeriod></ror:updatePeriod>
     <ror:sortOrder>1</ror:sortOrder>
     <ror:resourceOf>sitemap</ror:resourceOf>
</item>
<item>
     <link>https://nivesguru.in/ubi-rd-calculator</link>
     <title>Union Bank of India Recurring Deposit | UBI RD Calculator</title>
     <description>A recurring deposit (RD) is a type of investment product offered by banks and other financial institutions. It allows individual to save a fixed amount of money</description>
     <ror:updatePeriod></ror:updatePeriod>
     <ror:sortOrder>1</ror:sortOrder>
     <ror:resourceOf>sitemap</ror:resourceOf>
</item>
<item>
     <link>https://nivesguru.in/privacy-policy</link>
     <title>Privacy Policy for Nivesguru | Free Investment Calculator</title>
     <description>At nivesguru.in, accessible from https://nivesguru.in, one of our main priorities is the privacy of our visitors. This Privacy Policy document contains types of</description>
     <ror:updatePeriod></ror:updatePeriod>
     <ror:sortOrder>1</ror:sortOrder>
     <ror:resourceOf>sitemap</ror:resourceOf>
</item>
<item>
     <link>https://nivesguru.in/terms-and-conditions</link>
     <title>Terms and Conditions Nivesguru</title>
     <description>These terms and conditions outline the rules and regulations for the use of Nivesguru's Website, located at https://nivesguru.in. By accessing this website, we</description>
     <ror:updatePeriod></ror:updatePeriod>
     <ror:sortOrder>1</ror:sortOrder>
     <ror:resourceOf>sitemap</ror:resourceOf>
</item>
<item>
     <link>https://nivesguru.in/sitemap.html</link>
     <title>nivesguru.in Site Map - Generated by www.xml-sitemaps.com</title>
     <description>nivesguru.in Site Map - Generated by www.xml-sitemaps.com</description>
     <ror:updatePeriod></ror:updatePeriod>
     <ror:sortOrder>1</ror:sortOrder>
     <ror:resourceOf>sitemap</ror:resourceOf>
</item>
<item>
     <link>https://nivesguru.in/sitemap</link>
     <title>nivesguru.in Site Map - Generated by www.xml-sitemaps.com</title>
     <description>nivesguru.in Site Map - Generated by www.xml-sitemaps.com</description>
     <ror:updatePeriod></ror:updatePeriod>
     <ror:sortOrder>2</ror:sortOrder>
     <ror:resourceOf>sitemap</ror:resourceOf>
</item>
</channel>
</rss>
  