<?xml version="1.0" encoding="UTF-8"?>
<rss version="2.0" xmlns:ror="http://rorweb.com/0.1/" >
<channel>
  <title>ROR Sitemap for https://nivesguru.in/</title>
  <link>https://nivesguru.in/</link>

<item>
     <link>https://nivesguru.in/</link>
     <title>Investment Calculator - Plan Financial Future | NivesGuru</title>
     <description>NivesGuru, free tools / calculators for Indian investors. Plan your financial future for SB, FD, RD, KVP, NPS, PPF, NPS, APY, PMJJBY, PMSBY, SSY etc.</description>
     <ror:updatePeriod>weekly</ror:updatePeriod>
     <ror:sortOrder>0</ror:sortOrder>
     <ror:resourceOf>sitemap</ror:resourceOf>
</item>
<item>
     <link>https://nivesguru.in/fd-calculator</link>
     <title>Free Fixed deposit / FD Investment Calculator for India by NivesGurur</title>
     <description>A fixed deposit (FD) is a type of investment product offered by banks and other financial institutions. It allows individuals to invest a lump sum of money for a fixed period of time, earning a predetermined interest rate on their investment.</description>
     <ror:updatePeriod>weekly</ror:updatePeriod>
     <ror:sortOrder>1</ror:sortOrder>
     <ror:resourceOf>sitemap</ror:resourceOf>
</item>
<item>
     <link>https://nivesguru.in/bob-fd-calculator</link>
     <title>NivesGuru Free Fixed Deposit | FD Calculator | Bank of Baroda Investment</title>
     <description>BOB, also known as Bank of Baroda, is one of the largest public sector banks in India, offering a range of fixed deposit schemes to investors. BOB fixed deposit schemes are popular among investors due to their high safety,</description>
     <ror:updatePeriod>weekly</ror:updatePeriod>
     <ror:sortOrder>1</ror:sortOrder>
     <ror:resourceOf>sitemap</ror:resourceOf>
</item>
<item>
     <link>https://nivesguru.in/boi-fd-calculator</link>
     <title>NivesGuru Free Fixed Deposit | FD Calculator | BOI | Bank of India Investment</title>
     <description>BOI, also known as Bank of India, is one of the largest public sector banks in India, offering a range of fixed deposit schemes to investors. BOI fixed deposit schemes are popular among investors due to their high safety,</description>
     <ror:updatePeriod>weekly</ror:updatePeriod>
     <ror:sortOrder>1</ror:sortOrder>
     <ror:resourceOf>sitemap</ror:resourceOf>
</item>
<item>
     <link>https://nivesguru.in/pnb-fd-calculator</link>
     <title>NivesGuru Free Fixed Deposit | FD Calculator | Punjab National Bank Investment</title>
     <description>PNB, also known as Punjab National Bank, is one of the largest public sector banks in India, offering a range of fixed deposit schemes to investors. PNB fixed deposit schemes are popular among investors due to their high safety,</description>
     <ror:updatePeriod>weekly</ror:updatePeriod>
     <ror:sortOrder>1</ror:sortOrder>
     <ror:resourceOf>sitemap</ror:resourceOf>
</item>
<item>
     <link>https://nivesguru.in/sbi-fd-calculator</link>
     <title>SBI Fixed deposit / FD Investment Calculator for India by NivesGuru</title>
     <description>SBI, also known as State Bank of India, is one of the largest public sector banks in India, offering a range of fixed deposit schemes to investors. SBI fixed deposit schemes are popular among investors due to their high safety,</description>
     <ror:updatePeriod>weekly</ror:updatePeriod>
     <ror:sortOrder>1</ror:sortOrder>
     <ror:resourceOf>sitemap</ror:resourceOf>
</item>
<item>
     <link>https://nivesguru.in/ubi-fd-calculator</link>
     <title>NivesGuru Free Fixed Deposit | FD Calculator | Union Bank of India Investment</title>
     <description>UBI, also known as Union Bank of India, is one of the largest public sector banks in India, offering a range of fixed deposit schemes to investors. UBI fixed deposit schemes are popular among investors due to their high safety,</description>
     <ror:updatePeriod>weekly</ror:updatePeriod>
     <ror:sortOrder>1</ror:sortOrder>
     <ror:resourceOf>sitemap</ror:resourceOf>
</item>
<item>
     <link>https://nivesguru.in/sb-calculator</link>
     <title>Free Fixed deposit / Investment Calculator for India by NivesGuru</title>
     <description>A savings account is one of the most popular and secure investment options available for individuals. It is a type of deposit account that allows individuals to save their money while earning a small amount of interest on their deposits. </description>
     <ror:updatePeriod>weekly</ror:updatePeriod>
     <ror:sortOrder>1</ror:sortOrder>
     <ror:resourceOf>sitemap</ror:resourceOf>
</item>
<item>
     <link>https://nivesguru.in/bob-sb-calculator</link>
     <title>Free Fixed deposit / Investment Calculator for India by NivesGuru</title>
     <description>A savings account is one of the most popular and secure investment options available for individuals. It is a type of deposit account that allows individuals to save their money while earning a small amount of interest on their deposits. </description>
     <ror:updatePeriod>weekly</ror:updatePeriod>
     <ror:sortOrder>1</ror:sortOrder>
     <ror:resourceOf>sitemap</ror:resourceOf>
</item>
<item>
     <link>https://nivesguru.in/boi-sb-calculator</link>
     <title>Free Fixed deposit / Investment Calculator for India by NivesGuru</title>
     <description>A savings account is one of the most popular and secure investment options available for individuals. It is a type of deposit account that allows individuals to save their money while earning a small amount of interest on their deposits. </description>
     <ror:updatePeriod>weekly</ror:updatePeriod>
     <ror:sortOrder>1</ror:sortOrder>
     <ror:resourceOf>sitemap</ror:resourceOf>
</item>
<item>
     <link>https://nivesguru.in/pnb-sb-calculator</link>
     <title>PNB | Punjab National Bank investments | Savings deposit | SB Calculator by NivesGuru</title>
     <description>A savings account is one of the most popular and secure investment options available for individuals. It is a type of deposit account that allows individuals to save their money while earning a small amount of interest on their deposits. </description>
     <ror:updatePeriod>weekly</ror:updatePeriod>
     <ror:sortOrder>1</ror:sortOrder>
     <ror:resourceOf>sitemap</ror:resourceOf>
</item>
<item>
     <link>https://nivesguru.in/sbi-sb-calculator</link>
     <title>SBI | State Bank of India investments | Savings deposit | SB Calculator by NivesGuru</title>
     <description>A savings account is one of the most popular and secure investment options available for individuals. It is a type of deposit account that allows individuals to save their money while earning a small amount of interest on their deposits. </description>
     <ror:updatePeriod>weekly</ror:updatePeriod>
     <ror:sortOrder>1</ror:sortOrder>
     <ror:resourceOf>sitemap</ror:resourceOf>
</item>
<item>
     <link>https://nivesguru.in/ubi-sb-calculator</link>
     <title>UBI | Union Bank of India investments | Savings deposit | SB Calculator by NivesGuru</title>
     <description>A savings account is one of the most popular and secure investment options available for individuals. It is a type of deposit account that allows individuals to save their money while earning a small amount of interest on their deposits. </description>
     <ror:updatePeriod>weekly</ror:updatePeriod>
     <ror:sortOrder>1</ror:sortOrder>
     <ror:resourceOf>sitemap</ror:resourceOf>
</item>
<item>
     <link>https://nivesguru.in/rd-calculator</link>
     <title>Free Recurring deposit / RD Investment Calculator | India by NivesGuru</title>
     <description>A recurring deposit (RD) is a type of investment product offered by banks and other financial institutions. It allows individuals to save a fixed amount of money each month for a set period of time,</description>
     <ror:updatePeriod>weekly</ror:updatePeriod>
     <ror:sortOrder>1</ror:sortOrder>
     <ror:resourceOf>sitemap</ror:resourceOf>
</item>
<item>
     <link>https://nivesguru.in/bob-rd-calculator</link>
     <title>Free Recurring deposit / RD Investment Calculator | India by NivesGuru</title>
     <description>A recurring deposit (RD) is a type of investment product offered by banks and other financial institutions. It allows individuals to save a fixed amount of money each month for a set period of time,</description>
     <ror:updatePeriod>weekly</ror:updatePeriod>
     <ror:sortOrder>1</ror:sortOrder>
     <ror:resourceOf>sitemap</ror:resourceOf>
</item>
<item>
     <link>https://nivesguru.in/boi-rd-calculator</link>
     <title>Free Recurring deposit / RD Investment Calculator | India by NivesGuru</title>
     <description>A recurring deposit (RD) is a type of investment product offered by banks and other financial institutions. It allows individuals to save a fixed amount of money each month for a set period of time,</description>
     <ror:updatePeriod>weekly</ror:updatePeriod>
     <ror:sortOrder>1</ror:sortOrder>
     <ror:resourceOf>sitemap</ror:resourceOf>
</item>
<item>
     <link>https://nivesguru.in/pnb-rd-calculator</link>
     <title>Investment PNB | Punjab National Bank Recurring Deposit | RD Calculator by NivesGuru</title>
     <description>A recurring deposit (RD) is a type of investment product offered by banks and other financial institutions. It allows individuals to save a fixed amount of money each month for a set period of time,</description>
     <ror:updatePeriod>weekly</ror:updatePeriod>
     <ror:sortOrder>1</ror:sortOrder>
     <ror:resourceOf>sitemap</ror:resourceOf>
</item>
<item>
     <link>https://nivesguru.in/sbi-rd-calculator</link>
     <title>SBI Fixed deposit / FD Investment Calculator for India by NivesGuru</title>
     <description>SBI, also known as State Bank of India, is one of the largest public sector banks in India, offering a range of fixed deposit schemes to investors. SBI fixed deposit schemes are popular among investors due to their high safety,</description>
     <ror:updatePeriod>weekly</ror:updatePeriod>
     <ror:sortOrder>1</ror:sortOrder>
     <ror:resourceOf>sitemap</ror:resourceOf>
</item>
<item>
     <link>https://nivesguru.in/ubi-rd-calculator</link>
     <title>Investment UBI | Union Bank of India Recurring Deposit | RD Calculator by NivesGuru</title>
     <description>A recurring deposit (RD) is a type of investment product offered by banks and other financial institutions. It allows individuals to save a fixed amount of money each month for a set period of time,</description>
     <ror:updatePeriod>weekly</ror:updatePeriod>
     <ror:sortOrder>1</ror:sortOrder>
     <ror:resourceOf>sitemap</ror:resourceOf>
</item>
<item>
     <link>https://nivesguru.in/ssy-calculator</link>
     <title>Free Sukanya Samriddhi Yojana / SSY Calculator for India by NivesGuru</title>
     <description>Sukanya Samriddhi Yojana (SSY) is a government-backed savings scheme designed to encourage parents to save for the future of their daughters. The scheme was launched by the Government of India in 2015 as part of the Beti Bachao, Beti Padhao campaign.</description>
     <ror:updatePeriod>weekly</ror:updatePeriod>
     <ror:sortOrder>1</ror:sortOrder>
     <ror:resourceOf>sitemap</ror:resourceOf>
</item>
<item>
     <link>https://nivesguru.in/ppf-calculator</link>
     <title>Public Provident Fund Calculator: Plan Your Retirement Your Savings</title>
     <description>Public Provident Fund (PPF) is a long-term investment option offered by the Indian government. It is a safe investment option that offers attractive interest rates and tax benefits.</description>
     <ror:updatePeriod>weekly</ror:updatePeriod>
     <ror:sortOrder>1</ror:sortOrder>
     <ror:resourceOf>sitemap</ror:resourceOf>
</item>
<item>
     <link>https://nivesguru.in/nps-calculator</link>
     <title>National Pension Scheme Calculator: plan Your Retirement and Savings</title>
     <description>The National Pension Scheme (NPS) is a government-backed retirement savings scheme in India. It is a voluntary scheme that allows individuals to save for their retirement and receive a regular income after they retire.</description>
     <ror:updatePeriod>weekly</ror:updatePeriod>
     <ror:sortOrder>1</ror:sortOrder>
     <ror:resourceOf>sitemap</ror:resourceOf>
</item>
<item>
     <link>https://nivesguru.in/apy-calculator</link>
     <title>Atal Pension Yojana Calculator: Plan Your Retirement Savings, Returns</title>
     <description>Atal Pension Yojana (APY) is a government-backed pension scheme aimed at providing a guaranteed minimum pension to the unorganized sector workers</description>
     <ror:updatePeriod>weekly</ror:updatePeriod>
     <ror:sortOrder>1</ror:sortOrder>
     <ror:resourceOf>sitemap</ror:resourceOf>
</item>
<item>
     <link>https://nivesguru.in/pmjjby-calculator</link>
     <title>Pradhan Mantri Jeevan Jyoti Bima Yojana Calculator: Insurance, Coverage</title>
     <description>Pradhan Mantri Jeevan Jyoti Bima Yojana (PMJJBY) is a government-backed life insurance scheme that provides life insurance coverage to individuals at an affordable premium.</description>
     <ror:updatePeriod>weekly</ror:updatePeriod>
     <ror:sortOrder>1</ror:sortOrder>
     <ror:resourceOf>sitemap</ror:resourceOf>
</item>
<item>
     <link>https://nivesguru.in/pmsby-calculator</link>
     <title>Pradhan Mantri Jeevan Suraksha Yojana Calculator: Plan Your Pension </title>
     <description>Pradhan Mantri Jeevan Suraksha Yojana (PMJSY) is a government-backed life insurance scheme that provides financial protection to the family of the policyholder in the event of their untimely death.</description>
     <ror:updatePeriod>weekly</ror:updatePeriod>
     <ror:sortOrder>1</ror:sortOrder>
     <ror:resourceOf>sitemap</ror:resourceOf>
</item>
<item>
     <link>https://nivesguru.in/kvp-calculator</link>
     <title>Kisan Vikas Patra Investment Calculator: Estimate Your Growth and Returns</title>
     <description>Kisan Vikas Patra (KVP) is a government-backed savings scheme that aims to encourage long-term savings among farmers and other individuals in rural areas.</description>
     <ror:updatePeriod>weekly</ror:updatePeriod>
     <ror:sortOrder>1</ror:sortOrder>
     <ror:resourceOf>sitemap</ror:resourceOf>
</item>
<item>
     <link>https://nivesguru.in/nsc-calculator</link>
     <title>National Savings Certificate Calculator: Plan Your Savings, Earnings</title>
     <description>The National Savings Certificate (NSC) is a government-backed savings scheme that offers guaranteed returns on investment</description>
     <ror:updatePeriod>weekly</ror:updatePeriod>
     <ror:sortOrder>1</ror:sortOrder>
     <ror:resourceOf>sitemap</ror:resourceOf>
</item>
<item>
     <link>https://nivesguru.in/sgb-calculator</link>
     <title>Sovereign Gold Bond Calculator: Estimate Your Gold Investment Growth </title>
     <description>The Sovereign Gold Bond (SGB) is a government-backed scheme that offers investors the opportunity to invest in gold without having to worry </description>
     <ror:updatePeriod>weekly</ror:updatePeriod>
     <ror:sortOrder>1</ror:sortOrder>
     <ror:resourceOf>sitemap</ror:resourceOf>
</item>
<item>
     <link>https://nivesguru.in/about-us</link>
     <title>About Us | Investment Calculator - Plan Financial Future</title>
     <description>Welcome to NivesGuru, a website dedicated to providing expert financial advice and resources for individuals and businesses alike. Our team of experienced financial professionals is committed to helping you achieve your financial goals 
    </description>
     <ror:updatePeriod>weekly</ror:updatePeriod>
     <ror:sortOrder>1</ror:sortOrder>
     <ror:resourceOf>sitemap</ror:resourceOf>
</item>
<item>
     <link>https://nivesguru.in/contact-us</link>
     <title>Contact Us | Investment Calculator - Plan Financial Future</title>
     <description>At Nives Guru, we value our customers and are committed to providing exceptional service. If you have any questions, concerns, or feedback, we would love to hear from you.</description>
     <ror:updatePeriod>weekly</ror:updatePeriod>
     <ror:sortOrder>1</ror:sortOrder>
     <ror:resourceOf>sitemap</ror:resourceOf>
</item>
<item>
     <link>https://nivesguru.in/faq-page</link>
     <title>FAQ Page for Investment Calculator NivesGuru</title>
     <description>Welcome to the Nivesguru FAQ page! Here, you'll find answers to some of the most frequently asked questions about our website, including what we do, what type of content we offer, how to contact us, and more. </description>
     <ror:updatePeriod>weekly</ror:updatePeriod>
     <ror:sortOrder>1</ror:sortOrder>
     <ror:resourceOf>sitemap</ror:resourceOf>
</item>
<item>
     <link>https://nivesguru.in/privacy-policy</link>
     <title>Privacy Policy for NivesGuru</title>
     <description>At nivesguru.in, accessible from https://nivesguru.in, one of our main priorities is the privacy of our visitors. This Privacy Policy document contains types of information that is collected and recorded by nivesguru.in and how we use it.</description>
     <ror:updatePeriod>weekly</ror:updatePeriod>
     <ror:sortOrder>1</ror:sortOrder>
     <ror:resourceOf>sitemap</ror:resourceOf>
</item>
<item>
     <link>https://nivesguru.in/terms-and-conditions</link>
     <title>Terms and Conditions NivesGuru</title>
     <description>These terms and conditions outline the rules and regulations for the use of NivesGuru's Website, located at https://nivesguru.in.

By accessing this website, we assume you accept these terms and conditions. Do not continue to use nivesguru.in if you do not agree to take all of the terms and conditions stated on this page.</description>
     <ror:updatePeriod>weekly</ror:updatePeriod>
     <ror:sortOrder>1</ror:sortOrder>
     <ror:resourceOf>sitemap</ror:resourceOf>
</item>
</channel>
</rss>
  